station_name,state,lat,lon,primary_fuel,grid,reporting_year,production_mwh,emissions_tco2e,intensity_tco2e_mwh
Gunning Wind Farm,NSW,-34.7831232,149.2659887,Wind,NEM,2023-24,136502.0,268.0,0.001963341196465986
Royalla Solar Farm,ACT,-35.5158611,149.1476501,Solar,NEM,2023-24,34132.0,148.0,0.004336106879174967
Waubra Wind Farm,VIC,-37.3528575,143.6313265,Wind,NEM,2023-24,543046.0,1300.0,0.0023939040154977663
Banimboola Hydro,VIC,-36.5332541,147.4736183,Hydro,NEM,2023-24,25490.0,13.0,0.0005100039231071008
Bayswater Power Station,NSW,-32.3951272,150.949476,Black Coal,NEM,2023-24,15546296.0,13712719.0,0.8820569864358687
Bogong Power Station,VIC,-36.8053642,147.2279689,Hydro,NEM,2023-24,53819.0,698.0,0.012969397424701313
Burrendong Hydro,NSW,-32.7003526,149.1051157,Hydro,NEM,2023-24,44754.0,48.0,0.0010725298297358896
Clover Hydro,VIC,-37.85589,145.020236,Hydro,NEM,2023-24,43317.0,197.0,0.004547868042569892
Copeton Hydro,NSW,-29.8782167,150.9252216,Hydro,NEM,2023-24,50533.0,39.0,0.0007717729008766548
Dartmouth Hydro,VIC,-36.611893,147.6137704,Hydro,NEM,2023-24,275462.0,120.0,0.0004356317749816672
Eildon Hydro,VIC,-37.2327565,145.910156,Hydro,NEM,2023-24,228691.0,28.0,0.00012243595069329357
Glenbawn Hydro,NSW,-32.04,151.0677778,Hydro,NEM,2023-24,0.0,8.0,
Hallett (Stage 1) Wind Farm,SA,-33.4118964,138.8936983,Wind,NEM,2023-24,205313.0,224.0,0.0010910171299430625
Hallett (Stage 2) Wind Farm,SA,-33.4118964,138.8936983,Wind,NEM,2023-24,176306.0,229.0,0.0012988780869624403
Hunter Valley Gas Turbines,NSW,-32.3891902,150.966266,Natural Gas,NEM,2020-21,0.0,6.0,
Liddell Power Station,NSW,-32.3718203,150.9779565,Black Coal,NEM,2022-23,5527506.0,5265703.0,0.9526363245919588
Macarthur Wind Farm,VIC,-38.0449895,142.0433957,Wind,NEM,2023-24,654584.0,7140.0,0.0109076909915305
McKay Creek Hydro,VIC,-36.8747271,147.2433527,Hydro,NEM,2023-24,81944.0,1291.0,0.01575466172019916
Moranbah Power Station,QLD,-22.0030414,148.0432658,Coal Seam Methane,NEM,2022-23,26451.0,14816.0,0.560130051793883
Nyngan Solar Plant,NSW,-31.5564839,147.0860758,Solar,NEM,2023-24,227900.0,736.0,0.003229486616937253
Oaklands Hill Wind Farm,VIC,-37.6836375,142.546547,Wind,NEM,2023-24,123933.0,511.0,0.004123195597621295
Rubicon Hydro Scheme,VIC,-37.3744929,145.8711285,Hydro,NEM,2023-24,2655.0,173.0,0.06516007532956686
Somerton Power Station,VIC,-37.6316012,144.9525619,Natural Gas,NEM,2023-24,34463.0,27639.0,0.8019905405797522
Torrens Island Power Station,SA,-34.8064918,138.5231308,Natural Gas,NEM,2023-24,626192.0,376187.0,0.6007534430334466
Wattle Point Wind Farm,SA,-35.1169369,137.7303551,Wind,NEM,2023-24,226774.0,158.0,0.0006967289019023345
West Kiewa Hydro,VIC,-36.8190086,147.1572441,Hydro,NEM,2023-24,173373.0,427.0,0.002462897913746662
Yarrawonga Hydro,VIC,-36.0141692,146.0063494,Hydro,NEM,2023-24,45107.0,12.0,0.00026603409670339416
Anglesea Power Station,VIC,-38.3873205,144.1847292,Brown Coal,NEM,2015-16,167880.0,202555.0,1.206546342625685
Augusta Power Stations,SA,-32.5417543,137.7921304,Brown Coal,NEM,2015-16,2601170.0,2639744.0,1.014829480579893
Bairnsdale Power Station,VIC,-37.8429177,147.5638553,Natural Gas,NEM,2023-24,62804.0,34130.0,0.5434367237755557
Braemar Power Station,QLD,-27.1104344,150.9058045,Coal Seam Methane,NEM,2023-24,294334.0,173535.0,0.5895853010525457
Newman Power Station,WA,-23.344375,119.7086163,Natural Gas,Off-grid,2023-24,860703.0,376230.0,0.4371194244704619
Port Hedland Power Station,WA,-20.4280204,118.5505995,Natural Gas,NWIS,2023-24,449612.0,340466.0,0.7572440237360213
Braemar 2 Power Station,QLD,-27.1128667,150.9054405,Coal Seam Methane,NEM,2023-24,360156.0,214156.0,0.5946201090638501
Karratha Power Station,WA,-20.7370067,116.8478592,Natural Gas,NWIS,2023-24,75862.0,53276.0,0.7022751838865308
Condamine Power Station,QLD,-26.6679436,150.269901,Natural Gas,NEM,2023-24,96152.0,57572.0,0.598760296197687
Bluewaters Power 1,WA,-33.3305202,116.2281911,Black Coal,SWIS,2023-24,1517623.0,1353211.0,0.8916647942209627
Bluewaters Power 2,WA,-33.3305202,116.2281911,Black Coal,SWIS,2023-24,1370375.0,1240087.0,0.9049252941713035
Canunda Wind Farm,SA,-37.7785242,140.354731,Wind,NEM,2023-24,97427.0,112.0,0.0011495786588933252
Broadwater Power Plant,NSW,-36.9704322,149.8808955,Wood,NEM,2023-24,154431.0,6398.0,0.04142950573395238
Condong Power Plant,NSW,-28.3114787,153.4351183,Wood,NEM,2023-24,145472.0,5550.0,0.03815167179938407
Daandine Power Station,QLD,-27.0861467,150.9426252,Coal Seam Methane,NEM,2021-22,20924.0,11323.0,0.5411489199005927
Norseman Gold Power Station,WA,-32.1958002,121.7927266,Diesel,Off-grid,2021-22,3720.0,2693.0,0.7239247311827957
Callide A Power Station,QLD,-24.3343318,150.6274496,Black Coal,NEM,2014-15,100820.0,167062.0,1.6570323348541955
Callide B Power Station,QLD,-24.265952,150.5131124,Black Coal,NEM,2023-24,4273452.0,4028161.0,0.9426012038979261
Callide C Power Station,QLD,-24.265952,150.5131124,Black Coal,NEM,2023-24,782678.0,688038.0,0.8790818190877986
Kogan Creek Power Station,QLD,-26.9176213,150.752275,Black Coal,NEM,2023-24,5478078.0,4522472.0,0.8255581610922663
Wivenhoe Power Station,QLD,-20.8136098,142.0919363,Hydro,NEM,2023-24,632159.0,684689.0,1.0830961830805224
Collgar Wind Farm,WA,-31.5542196,118.4447189,Wind,SWIS,2023-24,640602.0,985.0,0.0015376161797808936
Brown Mountain Power Station,NSW,-36.5952435,149.4741226,Hydro,NEM,2015-16,23484.0,13.0,0.0005535683869868846
Vales Point Power Station,NSW,-33.1605934,151.5440766,Black Coal,NEM,2023-24,7260315.0,7111963.0,0.979566726788025
Diamantina Power Station,QLD,-20.7837413,139.4833848,Natural Gas,Mt Isa,2023-24,1507037.0,644692.0,0.42778777163400766
Jeeralang Power Station,VIC,-38.2750151,146.425452,Natural Gas,NEM,2023-24,45133.0,39796.0,0.8817494959342388
Newport Power Station,VIC,-37.841433,144.8949937,Natural Gas,NEM,2023-24,252911.0,155901.0,0.6164263317926069
Albany Wind Farm,WA,-35.0493919,117.7615045,Wind,SWIS,2018-19,30748.0,13.0,0.0004227917262911409
Cockburn Power Station,WA,-32.2008953,115.7743364,Natural Gas,SWIS,2023-24,807311.0,307892.0,0.3813796665721141
Collie Power Station,WA,-33.3431261,116.2580319,Black Coal,SWIS,2023-24,966990.0,922704.0,0.9542022151211491
Denham Wind Farm,WA,-25.9280964,113.5372233,Wind,Off-grid,2020-21,1456.0,0.0,0.0
Esperance Wind Farm,WA,-33.858228,121.8931606,Wind,Off-grid,2021-22,4200.0,12.0,0.002857142857142857
Kalbarri Wind Farm,WA,-27.7109989,114.1638162,Wind,SWIS,2023-24,2144.0,0.0,0.0
Kwinana Power Station,WA,-32.1982404,115.7756758,Natural Gas,SWIS,2023-24,861203.0,455540.0,0.5289577486376615
Muja Power Station,WA,-33.4499216,116.308747,Black Coal,SWIS,2023-24,3200546.0,3092800.0,0.9663351190703087
Ravensthorpe Power Station,WA,-33.5813455,120.0473501,Diesel,SWIS,2023-24,503.0,363.0,0.7216699801192843
Century Power Station,QLD,-19.2716857,146.790776,Diesel,Mt Isa,2015-16,1698.0,1195.0,0.7037691401648999
Gascoyne Junction Remote Power Station,WA,-25.052333,115.2084154,Liquid Fuel,Off-grid,2016-17,789.0,622.0,0.788339670468948
Glennies Creek Power Station,NSW,-32.4598612,151.1286761,Waste Coal Mine Gas,NEM,2016-17,78624.0,40320.0,0.5128205128205128
Karumba Power Station,QLD,-17.4876079,140.8404027,Diesel,Off-grid,2015-16,8063.0,5756.0,0.7138782091033115
Laverton Remote Power Station,WA,-27.5569423,122.0429912,Liquid Fuel,Off-grid,2016-17,3643.0,2620.0,0.7191874828438101
Looma Power Station,WA,-18.0392959,124.1486664,Diesel,Off-grid,2016-17,2605.0,2074.0,0.7961612284069098
McArthur River Power Station,NT,-15.8599051,136.6161057,Natural Gas,Off-grid,2023-24,292912.0,153074.0,0.5225938165728956
Oaky Creek Power Station,QLD,-28.20322,152.9399989,Coal Seam Methane,NEM,2015-16,129620.0,65535.0,0.5055932726431106
Pine Creek A Power Station,NT,-13.8325215,131.8427467,Natural Gas,DKIS,2023-24,215646.0,100836.0,0.46759967724882445
Tahmoor Power Station,NSW,-34.2253646,150.5907489,Waste Coal Mine Gas,NEM,2016-17,28237.0,16215.0,0.5742465559372455
Teralba Power Station,NSW,-32.9456651,151.6121006,Coal Seam Methane,NEM,2014-15,11461.0,7348.0,0.6411307913794608
Brewer Power Station,NT,-23.8654947,133.8234314,Natural Gas,Off-grid,2015-16,30475.0,20507.0,0.6729122231337161
Cathedral Rocks Wind Farm,SA,-34.8078852,135.551228,Wind,NEM,2023-24,133874.0,184.0,0.0013744266997325844
Hallett Power Station,SA,-33.3486163,138.7519243,Natural Gas,NEM,2023-24,51908.0,44718.0,0.8614857054789242
Mt Piper Power Station,NSW,-33.3581858,150.0328446,Black Coal,NEM,2023-24,6633318.0,5672338.0,0.8551283083367931
Tallawarra Power Station,NSW,-34.5225162,150.8073753,Natural Gas,NEM,2023-24,606146.0,257011.0,0.4240084072154233
Waterloo Wind Farm,SA,-33.9917751,138.8791811,Wind,NEM,2023-24,303154.0,307.0,0.0010126866213211766
Yallourn Power Station,VIC,-38.178028,146.3425413,Brown Coal,NEM,2023-24,8006205.0,10502080.0,1.31174257966165
Oakey Power Station,QLD,-27.418254,151.6801745,Natural Gas,NEM,2023-24,78323.0,55368.0,0.7069187850312169
Esperance Power Station,WA,-33.858228,121.8931606,Natural Gas,Off-grid,2021-22,42113.0,32942.0,0.7822287654643459
Parkeston Power Station,WA,-30.7378105,121.506333,Natural Gas,SWIS,2023-24,28776.0,19164.0,0.6659716430358632
Blayney Wind Farm,NSW,-33.6166368,149.1640565,Wind,NEM,2015-16,18891.0,44.0,0.002329151447779366
Burrinjuck Power Station,NSW,-35.0030084,148.5828644,Hydro,NEM,2016-17,106969.0,14.0,0.00013087903972178855
Crookwell Wind Farm,NSW,-34.5195984,149.5553411,Wind,NEM,2015-16,8730.0,31.0,0.0035509736540664375
Hume Power Station,NSW,-35.756789,147.1608432,Hydro,NEM,2016-17,255677.0,228.0,0.0008917501378692647
Keepit Power Station,NSW,-30.879198,150.4914435,Hydro,NEM,2016-17,5972.0,7.0,0.001172136637642331
Wyangala A,NSW,-33.9485,148.9346,Hydro,NEM,2023-24,61778.0,0.0,0.0
Bastyan Hydro Power Station,TAS,-41.73502,145.5315863,Hydro,NEM,2021-22,324817.0,30.0,9.235969792221466e-05
Butlers Gorge Hydro Power Station,TAS,-42.2743439,146.2758378,Hydro,NEM,2021-22,81487.0,1.0,1.227189613067115e-05
Catagunya Hydro Power Station,TAS,-42.4488719,146.5933543,Hydro,NEM,2021-22,175511.0,40.0,0.00022790594321723425
Cethana Hydro Power Station,TAS,-41.4765846,146.1616963,Hydro,NEM,2021-22,377885.0,793.0,0.0020985220371276974
Cluny Hydro Power Station,TAS,-42.5064415,146.6810463,Hydro,NEM,2021-22,88826.0,17.0,0.00019138540517416071
Devils Gate Hydro Power Station,TAS,-41.3504391,146.263429,Hydro,NEM,2021-22,271516.0,15.0,5.5245363072526115e-05
Fisher Hydro Power Station,TAS,-40.2169397,148.2391065,Hydro,NEM,2021-22,242758.0,1.0,4.119328714192735e-06
Flinders Island Power Station,TAS,-40.1162177,148.0290842,Wind,Off-grid,2021-22,6173.0,1822.0,0.29515632593552565
Gordon Hydro Power Station,TAS,-43.2617003,147.2411439,Hydro,NEM,2021-22,1636687.0,83.0,5.071220092784998e-05
John Butters Hydro Power Station,TAS,-42.1548941,145.5345078,Hydro,NEM,2021-22,501195.0,757.0,0.0015103901674996757
King Island Power Station,TAS,-39.8686056,143.9785801,Wind,Off-grid,2021-22,14428.0,5026.0,0.3483504297199889
Lake Echo Hydro Power Station,TAS,-42.1628393,146.6479132,Hydro,NEM,2021-22,720.0,58.0,0.08055555555555556
Lake Margaret Lower Hydro Power station,TAS,-42.0148718,145.5263239,Hydro,NEM,2021-22,5018.0,5.0,0.0009964129135113591
Lemonthyme Hydro Power Station,TAS,-41.603717,146.1389172,Hydro,NEM,2021-22,262904.0,47.0,0.00017877247968840337
Liapootah Hydro Power Station,TAS,-42.3762793,146.5100919,Hydro,NEM,2021-22,408909.0,64.0,0.00015651404102135194
Mackintosh Hydro Power Station,TAS,-41.69999,145.6454763,Hydro,NEM,2021-22,319809.0,756.0,0.0023639109593538645
Meadowbank Hydro Power Station,TAS,-42.5976023,146.8302653,Hydro,NEM,2021-22,185519.0,15.0,8.085425212511927e-05
Paloona Hydro Power Station,TAS,-41.2578267,146.2764337,Hydro,NEM,2021-22,124830.0,13.0,0.00010414163262036369
Parangana Hydro Power Station,TAS,-41.65424,146.23605,Hydro,NEM,2021-22,5132.0,0.0,0.0
Poatina Hydro Power Station,TAS,-41.7964237,146.9602505,Hydro,NEM,2021-22,1466368.0,1054.0,0.0007187827339385475
Reece Hydro Power Station,TAS,-41.72442,145.1376063,Hydro,NEM,2021-22,867803.0,2239.0,0.002580078658405191
Repulse Hydro Power Station,TAS,-42.5077755,146.6469899,Hydro,NEM,2021-22,145876.0,13.0,8.911678411801804e-05
Rowallan Hydro Power Station,TAS,-41.72951,146.2170563,Hydro,NEM,2021-22,41043.0,2.0,4.872938138050338e-05
Tamar Valley Power Station,TAS,-41.1405872,146.9056213,Natural Gas,NEM,2021-22,57338.0,39600.0,0.690641459416094
Tarraleah Hydro Power Station,TAS,-42.3009554,146.4497657,Hydro,NEM,2021-22,593425.0,98.0,0.00016514302565614862
Tods Corner Hydro Power Station,TAS,-41.9682847,146.7996404,Hydro,NEM,2021-22,705.0,9.0,0.01276595744680851
Trevallyn Hydro Power Station,TAS,-41.4362794,147.1160493,Hydro,NEM,2021-22,458755.0,72.0,0.00015694651829407854
Tribute Hydro Power Station,TAS,-41.814434,145.6518445,Hydro,NEM,2021-22,212305.0,41.0,0.00019311839099408869
Tungatinah Hydro Power Station,TAS,-42.2968611,146.4566731,Hydro,NEM,2021-22,489989.0,142.0,0.00028980242413605205
Wayatinah Hydro Power Station,TAS,-42.38857,146.49946,Hydro,NEM,2021-22,251710.0,30.0,0.00011918477613126217
Wilmot Hydro Power Station,TAS,-41.3870316,146.1748539,Hydro,NEM,2021-22,135149.0,36.0,0.0002663726701640412
Clements Gap Wind Farm,SA,-33.5084391,138.0644427,Wind,NEM,2023-24,174425.0,179.0,0.0010262290382685969
Codrington Wind Farm,VIC,-38.2646467,141.9692913,Wind,NEM,2023-24,41487.0,114.0,0.0027478487236965794
Eildon Pondage Hydro,VIC,-37.2343173,145.916814,Hydro,NEM,2023-24,10069.0,6.0,0.0005958883702453074
Glenmaggie Hydro,VIC,-37.9137697,146.7555272,Hydro,NEM,2023-24,7122.0,8.0,0.0011232799775344005
The Drop Hydro,NSW,-35.7759387,145.7533108,Hydro,NEM,2023-24,5225.0,3.0,0.0005741626794258373
William Hovell Hydro,VIC,-37.9819221,145.2609994,Hydro,NEM,2023-24,5530.0,7.0,0.0012658227848101266
Yambuk Wind Farm,VIC,-38.3230126,142.0802035,Wind,NEM,2023-24,85127.0,240.0,0.0028193170204517956
Alinta Wind Farm,WA,-23.344375,119.7086163,Wind,SWIS,2023-24,260762.0,1021.0,0.0039154478029774275
Capital East Solar Farm,NSW,-35.3378411,149.2403076,Solar,NEM,2017-18,172.0,5.0,0.029069767441860465
Capital Wind Farm,NSW,-33.6734149,149.0465435,Wind,NEM,2023-24,301358.0,1011.0,0.003354813875855295
Woodlawn Wind Farm,NSW,-28.7663,153.3184,Wind,NEM,2023-24,114055.0,369.0,0.0032352812239708913
Loy Yang B Power Station,VIC,-38.2566611,146.5846996,Brown Coal,NEM,2023-24,8477005.0,9643955.0,1.137660647834937
Bald Hills Wind Farm,VIC,-37.447638,143.8381364,Wind,NEM,2015-16,323715.0,889.0,0.002746242837063466
Hazelwood Power Station,VIC,-38.2717737,146.3920585,Brown Coal,NEM,2016-17,7700208.0,10969387.0,1.424557232739687
Gladstone Power Station,QLD,-23.8530345,151.2174598,Black Coal,NEM,2023-24,6578199.0,6538528.0,0.993969321998316
Australand,NSW,-27.6489743,153.0911919,Natural Gas,NEM,2019-20,3.0,2.0,0.6666666666666666
Blackmores,NSW,-33.7927325,150.8679185,Natural Gas,NEM,2019-20,1307.0,948.0,0.7253251721499617
Bond,NSW,-33.8585245,151.2023353,Natural Gas,NEM,2021-22,337.0,214.0,0.6350148367952523
Chifley Square,NSW,-33.8661825,151.2112494,Natural Gas,NEM,2021-22,977.0,573.0,0.586489252814739
Cullerin Wind Farm,NSW,-34.7767111,149.3553066,Wind,NEM,2016-17,4645.0,10.0,0.002152852529601722
Dandenong,VIC,-37.990119,145.2098421,Natural Gas,NEM,2017-18,236.0,592.0,2.5084745762711864
Darling Downs Power Station,QLD,-27.1170905,150.8946408,Natural Gas,NEM,2023-24,1337472.0,598975.0,0.4478411510670878
Eraring Power Station,NSW,-33.0625191,151.5191973,Black Coal,NEM,2023-24,15617645.0,13550220.0,0.8676224872572017
Exhibition Street,VIC,-37.8107647,144.969936,Natural Gas,NEM,2022-23,5.0,3.0,0.6
Kent Street,NSW,-33.9019087,151.1763245,Natural Gas,NEM,2021-22,2653.0,1502.0,0.5661515265736902
La Trobe,VIC,-37.7280018,145.0583633,Natural Gas,NEM,2023-24,0.0,0.0,
Ladbroke Grove Power Station,SA,-37.456356,140.7818605,Natural Gas,NEM,2023-24,59153.0,30370.0,0.5134143661352764
Mirvac,NSW,-33.8109506,151.196807,Natural Gas,NEM,2019-20,4399.0,2611.0,0.593543987269834
Mortlake Power Station,VIC,-38.0633502,142.6676415,Natural Gas,NEM,2023-24,449318.0,257274.0,0.5725877886040621
Mount,NSW,-34.0486285,150.758556,Natural Gas,NEM,2022-23,35.0,23.0,0.6571428571428571
Mt Stuart Power Station,QLD,-19.3376809,146.8508328,Diesel,NEM,2023-24,35940.0,38994.0,1.0849749582637729
Quarantine Power Station,SA,-34.7794457,138.5229552,Natural Gas,NEM,2023-24,121279.0,73670.0,0.6074423436868708
Roma Power Station,QLD,-26.5770702,148.8400595,Natural Gas,NEM,2023-24,22383.0,15779.0,0.7049546530849305
University of NSW,NSW,-33.9175994,151.2312369,Natural Gas,NEM,2021-22,920.0,518.0,0.5630434782608695
Uranquinty Power Station,NSW,-35.1797318,147.2156451,Natural Gas,NEM,2023-24,503721.0,307909.0,0.6112689365740162
Pelican Point Power Station,SA,-34.7653755,138.5054609,Natural Gas,NEM,2023-24,1688400.0,679934.0,0.40270907367922293
Katherine Region,NT,-14.6890017,132.7191468,Multiple Sources,Off-grid,2014-15,17518.0,12363.0,0.7057312478593447
Southern Region,NT,-21.5243775,137.5263783,Multiple Sources,Off-grid,2014-15,28022.0,19683.0,0.702412390264792
Channel Island Power Station,NT,-12.5546853,130.8658887,Natural Gas,DKIS,2023-24,740178.0,462116.0,0.6243309041879116
Katherine Power Station,NT,-14.459252,132.2446295,Natural Gas,DKIS,2023-24,42776.0,29557.0,0.6909715728445858
Kings Canyon,NT,-24.2503097,131.5779445,Diesel,Off-grid,2023-24,1977.0,1396.0,0.7061203844208397
Owen Springs Power Station,NT,-23.8636262,133.8251702,Natural Gas,Off-grid,2023-24,148398.0,79455.0,0.5354182670925485
Ron Goodin Power Station,NT,-23.708965,133.891389,Natural Gas,Off-grid,2023-24,42559.0,31811.0,0.7474564721915459
Tennant Creek Power Station,NT,-19.6549568,134.1758835,Natural Gas,Off-grid,2023-24,29313.0,22243.0,0.758810084262955
Weddell Power Station,NT,-12.5773637,130.9499997,Natural Gas,DKIS,2023-24,482665.0,268884.0,0.557082034123046
Yulara Power Station,NT,-25.2322732,130.9914795,Natural Gas,Off-grid,2023-24,19458.0,14580.0,0.7493061979648473
Kemerton Power Station,WA,-33.1633653,115.7809145,Natural Gas,SWIS,2023-24,453572.0,223274.0,0.4922570176289542
Starfish Hill Wind Farm,SA,-35.5786254,138.1301454,Wind,NEM,2023-24,73395.0,142.0,0.0019347366986851966
Toora Wind Farm,VIC,-38.652802,146.3041508,Wind,NEM,2023-24,50734.0,239.0,0.004710844798360074
Townsville Power Station,QLD,-19.2012975,146.618562,Coal Seam Methane,NEM,2023-24,214077.0,120339.0,0.5621295141467789
Windy Hill Wind Farm,QLD,-17.5911646,145.5296049,Wind,NEM,2023-24,21814.0,38.0,0.001742000550105437
Carnarvon Power Station,WA,-24.883847,113.6570703,Natural Gas,Off-grid,2015-16,44691.0,26706.0,0.5975699805329933
Paraburdoo Power Station,WA,-23.2004902,117.6714667,Natural Gas,NWIS,2023-24,569197.0,289565.0,0.5087254500638619
West Angelas Power Station,WA,-23.1466231,118.6565641,Natural Gas,NWIS,2023-24,371400.0,197559.0,0.5319305331179321
Yurralyi Maya Power Station,WA,-20.7627481,116.7421272,Natural Gas,NWIS,2023-24,705557.0,410351.0,0.5815986518452797
Wilga Park Power Station,NSW,-30.3632808,149.6773884,Coal Seam Methane,NEM,2023-24,148576.0,83962.0,0.5651114581089812
Wonthaggi Wind Farm,VIC,-38.6043664,145.5913433,Wind,NEM,2023-24,24560.0,40.0,0.0016286644951140066
SNOWTOWN SOUTH WIND FARM,SA,-33.7829422,138.2147186,Wind,NEM,2019-20,423960.0,212.0,0.0005000471742617228
Snowtown Wind Farm,SA,-33.7829422,138.2147186,Wind,NEM,2023-24,305275.0,300.0,0.0009827204979117189
SNOWTOWN WIND FARM STAGE 2,SA,-33.7829422,138.2147186,Wind,NEM,2019-20,425267.0,263.0,0.0006184350067134295
Angaston Power Station,SA,-34.503393,139.0245766,Diesel,NEM,2023-24,1911.0,1609.0,0.8419675562532706
Colongra Power Station,NSW,-33.2091694,151.545217,Natural Gas,NEM,2023-24,105241.0,68817.0,0.6538991457701846
Laverton North Power Station,VIC,-37.8422763,144.788352,Natural Gas,NEM,2023-24,116734.0,74824.0,0.6409786351876917
Valley Power,VIC,-38.2536803,146.5888875,Natural Gas,NEM,2023-24,22824.0,19271.0,0.8443305292674378
Barron Gorge Power Station,QLD,-16.881977,145.6727322,Hydro,NEM,2023-24,93871.0,853.0,0.009086938458096749
Kareeya Power Station,QLD,-17.7686275,145.5739651,Hydro,NEM,2023-24,587254.0,1503.0,0.0025593695402670734
Mackay Gas Turbine,QLD,-21.1445406,149.1587943,Diesel,NEM,2022-23,0.0,0.0,
Mica Creek Power Station,QLD,-20.7783122,139.4880309,Natural Gas,Mt Isa,2022-23,149476.0,49174.0,0.32897588910594344
Stanwell Power Station,QLD,-23.5053849,150.3150384,Black Coal,NEM,2023-24,8052413.0,6982204.0,0.867094621202365
Swanbank E Power Station,QLD,-27.65528,152.818081,Natural Gas,NEM,2023-24,649465.0,258110.0,0.3974194144411169
Dry Creek Power Station,SA,-34.8479734,138.581675,Natural Gas,NEM,2023-24,14206.0,12810.0,0.9017316626777419
Mintaro Power Station,SA,-33.9032735,138.7382397,Natural Gas,NEM,2023-24,91371.0,90944.0,0.9953267448096224
Port Lincoln Power Station,SA,-34.7004095,135.8045035,Diesel,NEM,2023-24,420.0,692.0,1.6476190476190475
Snuggery Power Station,SA,-37.6648132,140.4155865,Diesel,NEM,2023-24,2136.0,2482.0,1.1619850187265917
Kalgoorlie Power Station,WA,-30.7464139,121.473223,Natural Gas,SWIS,2023-24,269564.0,149332.0,0.5539760502144203
Kambalda Power Station,WA,-31.1828657,121.6214679,Natural Gas,SWIS,2023-24,278179.0,153359.0,0.5512961079017468
Leinster Power Station,WA,-27.9141349,120.6977266,Natural Gas,Off-grid,2023-24,246786.0,132927.0,0.538632661496195
Mt Keith Power Station,WA,-27.2160194,120.5496006,Natural Gas,Off-grid,2023-24,288476.0,160073.0,0.554891914752007
Solomon Power Station,WA,-22.1471367,117.9571595,Natural Gas,Off-grid,2023-24,630743.0,316859.0,0.5023583297793237
Exmouth Power Station,WA,-21.9466716,114.1249302,Natural Gas,Off-grid,2014-15,22736.0,15883.0,0.6985837438423645
Broken Hill Solar Plant,NSW,-31.9882663,141.3932099,Solar,NEM,2023-24,107412.0,366.0,0.003407440509440286
Pindari Hydro,NSW,-30.4847637,151.673618,Hydro,NEM,2023-24,7775.0,0.0,0.0
Facility,VIC,-38.2536803,146.5888875,Wind,NEM,2023-24,73823.0,110.0,0.001490050526258754
Kalamunda Power Station,WA,-32.0038075,116.1022069,Diesel,SWIS,2023-24,0.0,0.0,
Red Hill Power Station,WA,-31.828869,116.0728054,Landfill Gas,SWIS,2016-17,27766.0,1579.0,0.056868112079521714
Tamala Park Power Station,WA,-31.7085,115.7243,Landfill Gas,SWIS,2016-17,40344.0,2558.0,0.06340471941304779
Onslow Power Station,WA,-21.7763772,115.0832295,Natural Gas,Off-grid,2017-18,14453.0,8704.0,0.6022279111603127
Kwinana Swift Power Station,WA,-32.2242207,115.7781503,Natural Gas,SWIS,2023-24,111225.0,64958.0,0.5840233760395594
Alpurrurulam (Lake Nash),NT,-20.9870308,137.8486887,Diesel,Off-grid,2023-24,1641.0,1222.0,0.7446678854357099
Aputula (Finke),NT,-25.582205,134.5777819,Diesel,Off-grid,2023-24,1161.0,717.0,0.6175710594315246
Atitjere (Harts Range),NT,-22.981846,134.9324832,Diesel,Off-grid,2023-24,988.0,590.0,0.597165991902834
Bulla Camp,NT,-15.7692093,130.0397382,Diesel,Off-grid,2023-24,312.0,300.0,0.9615384615384616
Bulman,NT,-13.6658065,134.3360241,Diesel,Off-grid,2023-24,1404.0,964.0,0.6866096866096866
Engawala (Alcoota),NT,-22.80257,134.45547,Diesel,Off-grid,2023-24,644.0,477.0,0.7406832298136646
Epenarra,NT,-20.4635071,135.2515125,Diesel,Off-grid,2015-16,714.0,589.0,0.8249299719887955
Eva Valley,NT,-13.1260273,131.0067669,Diesel,Off-grid,2023-24,339.0,287.0,0.8466076696165191
Galiwinku (Elcho Island),NT,-12.0103775,135.5871054,Diesel,Off-grid,2023-24,9089.0,5873.0,0.6461656947959071
Gapuwiyak (Lake Evella),NT,-12.4989223,135.8088193,Diesel,Off-grid,2023-24,3876.0,2413.0,0.6225490196078431
Gunbalanya (Oenpelli),NT,-12.324689,133.0536179,Diesel,Off-grid,2023-24,5831.0,3691.0,0.6329960555650832
Ikuntji (Haasts Bluff),NT,-23.4475052,131.8824037,Diesel,Off-grid,2023-24,668.0,560.0,0.8383233532934131
Imangara (Murray Downs),NT,-21.046702,134.6754184,Diesel,Off-grid,2023-24,321.0,279.0,0.8691588785046729
Kaltukatjara (Docker River),NT,-24.8720637,129.0804226,Diesel,Off-grid,2023-24,1629.0,955.0,0.5862492326580724
Laramba (Napperby),NT,-22.5424515,132.7619848,Diesel,Off-grid,2023-24,1085.0,758.0,0.6986175115207374
Maningrida,NT,-12.0571775,134.226992,Diesel,Off-grid,2023-24,10812.0,6560.0,0.6067332593414725
Milingimbi,NT,-12.10003,134.9144336,Diesel,Off-grid,2023-24,4061.0,2568.0,0.6323565624230485
Minyerri (Hodgson Downs),NT,-15.222775,134.0775037,Diesel,Off-grid,2023-24,2443.0,1500.0,0.6139991813344249
Ngukurr (Roper River),NT,-14.732635,134.7432914,Diesel,Off-grid,2023-24,5809.0,3842.0,0.6613875021518334
Numbulwar (Rose River),NT,-14.2684901,135.7139914,Diesel,Off-grid,2023-24,3100.0,2200.0,0.7096774193548387
Palumpa,NT,-14.3507558,129.8800459,Diesel,Off-grid,2023-24,1764.0,1263.0,0.7159863945578231
Papunya,NT,-23.2049554,131.9122492,Diesel,Off-grid,2023-24,2029.0,1451.0,0.7151306062099556
Peppimenarti,NT,-14.1505822,130.0763736,Diesel,Off-grid,2023-24,1270.0,929.0,0.731496062992126
Pirlangimpi (Garden Point),NT,-11.4022086,130.4172618,Diesel,Off-grid,2023-24,2362.0,1836.0,0.777307366638442
Ramingining,NT,-12.3280046,134.9299289,Diesel,Off-grid,2023-24,4801.0,3007.0,0.626327848364924
Robinson River,NT,-16.7594805,136.9808663,Diesel,Off-grid,2023-24,1133.0,830.0,0.732568402471315
Tara (Neutral Junction),NT,-21.507042,133.9970669,Diesel,Off-grid,2023-24,319.0,274.0,0.8589341692789969
Titjikala (Maryvale),NT,-24.6773385,134.0747072,Diesel,Off-grid,2023-24,969.0,240.0,0.2476780185758514
Umbakumba,NT,-13.8606295,136.8047384,Diesel,Off-grid,2023-24,3161.0,2311.0,0.7310977538753559
Wadeye (Port Keats),NT,-14.2496506,129.5012608,Natural Gas,Off-grid,2023-24,10098.0,6721.0,0.6655773420479303
Walungurru (Kintore),NT,-23.2759057,129.3881877,Diesel,Off-grid,2023-24,2033.0,1212.0,0.5961633054599115
Yarralin,NT,-16.4478246,130.8820653,Diesel,Off-grid,2023-24,1605.0,1118.0,0.6965732087227414
Yuendumu,NT,-22.2527454,131.7978253,Diesel,Off-grid,2023-24,5035.0,3095.0,0.6146971201588878
Moree Solar Farm,NSW,-29.4617202,149.8407153,Solar,NEM,2021-22,115414.0,670.0,0.005805188278718353
Midlands Power Station,TAS,-41.8798625,147.4362844,Hydro,NEM,2023-24,34003.0,0.0,0.0
Oaky Creek I Power Station,QLD,-28.20322,152.9399989,Waste Coal Mine Gas,NEM,2016-17,127137.0,65262.0,0.5133202765520659
Oaky Creek II Power Station,QLD,-28.20322,152.9399989,Waste Coal Mine Gas,NEM,2016-17,102226.0,53567.0,0.5240056345743744
Wyangala B,NSW,-33.9485,148.9346,Hydro,NEM,2023-24,9669.0,0.0,0.0
Wagerup Power Station,WA,-32.9156047,115.9179879,Natural Gas,SWIS,2023-24,812326.0,486206.0,0.5985355633083269
Epenarra (Wutunugurra),NT,-20.4630451,135.2517896,Diesel,Off-grid,2023-24,845.0,705.0,0.834319526627219
Timber Creek,NT,-15.6562054,130.4805463,Diesel,Off-grid,2023-24,2681.0,1801.0,0.6717642670645282
Taralga Wind Farm,NSW,-34.3993392,149.8202383,Wind,NEM,2023-24,259082.0,411.0,0.0015863703383484765
South Hedland Power Station,WA,-20.4087731,118.5986644,Natural Gas,NWIS,2023-24,674056.0,306419.0,0.45458982636457507
Mt Gellibrand Wind Farm,VIC,-38.23347,143.79238,Wind,NEM,2023-24,284847.0,1372.0,0.004816620852598061
Greenough River Solar Farm,WA,-28.9039383,115.1115216,Solar,SWIS,2023-24,87111.0,166.0,0.0019056146755289229
Burrinjuck Hydro,NSW,-34.9975408,148.5951292,Hydro,NEM,2023-24,111853.0,24.0,0.0002145673339114731
Hume Hydro,NSW,-35.756789,147.1608432,Hydro,NEM,2023-24,186852.0,133.0,0.0007117932909468457
Keepit Hydro,NSW,-30.8831067,150.4910268,Hydro,NEM,2023-24,12647.0,9.0,0.0007116312168893809
Cape Lambert Power Station,WA,-20.6497521,117.1414724,Natural Gas,NWIS,2023-24,180411.0,108551.0,0.6016872585374506
Crowlands Wind Farm,VIC,-37.1191845,143.0982485,Wind,NEM,2023-24,240639.0,407.0,0.0016913301667643233
Silverton Wind Farm,NSW,-31.8869094,141.2275456,Wind,NEM,2023-24,597643.0,552.0,0.0009236283199167396
Badgingarra Wind Farm,WA,-30.3903774,115.5021644,Wind,SWIS,2023-24,489173.0,264.0,0.0005396863686262325
Darling Downs Solar Farm Pty Ltd,QLD,-28.2165691,152.0344754,Solar,NEM,2018-19,153644.0,327.0,0.0021282965817083646
Clare Solar Farm,QLD,-19.8307685,147.1880545,Solar,NEM,2023-24,151781.0,771.0,0.005079687180872441
Hammond Island,QLD,-10.5479589,142.2110239,Diesel,Off-grid,2023-24,960.0,714.0,0.74375
Pormpuraaw,QLD,-14.6623785,141.7919753,Diesel,Off-grid,2023-24,3405.0,2302.0,0.6760646108663729
York Island,QLD,-10.6833775,142.5289821,Diesel,Off-grid,2023-24,1627.0,1148.0,0.7055931161647203
Crookwell 2 Wind farm,NSW,-34.4576958,149.4696713,Wind,NEM,2023-24,179630.0,248.0,0.001380615710070701
Baking Board Solar Farm,QLD,-26.698762,150.5794702,Solar,NEM,2023-24,36774.0,81.0,0.0022026431718061676
Mount Majura Solar Farm,ACT,-35.237479,149.1820512,Solar,NEM,2023-24,1857.0,0.0,0.0
Swan Hill Solar Farm,VIC,-35.3390784,143.5588436,Solar,NEM,2023-24,27833.0,56.0,0.002012000143714296
Williamsdale Solar Farm,ACT,-35.5692907,149.1410268,Solar,NEM,2023-24,8452.0,23.0,0.002721249408424042
Bodangora Wind Farm,NSW,-32.4566667,148.9927778,Wind,NEM,2023-24,281170.0,697.0,0.002478927339332077
Smithfield Gas Turbine,NSW,-33.8498374,150.9494572,Natural Gas,NEM,2023-24,48340.0,36083.0,0.7464418700868846
KARADOC SOLAR FARM,VIC,-34.3217119,142.1859007,Solar,NEM,2023-24,127782.0,366.0,0.00286425318119923
Lilyvale Solar Farm,QLD,-27.42694,151.875,Solar,NEM,2023-24,168595.0,630.0,0.0037367656217562797
Ross River Solar Farm,QLD,-19.3090595,146.7688108,Solar,NEM,2023-24,250664.0,722.0,0.002880349790955223
Salt Creek Wind Farm,VIC,-37.907466,142.7980936,Wind,NEM,2023-24,117088.0,572.0,0.004885214539491665
Haughton Solar Farm,QLD,-19.7555367,147.0198226,Solar,NEM,2023-24,212883.0,1908.0,0.008962669635433547
Glenorchy Landfill,TAS,-42.8441973,147.2450284,Landfill Gas,NEM,2021-22,2992.0,169.0,0.056483957219251334
Kincumber Landfill,NSW,-33.4770172,151.4038464,Landfill Gas,NEM,2021-22,0.0,56.0,
Woy Woy Landfill,NSW,-33.5082222,151.2912565,Landfill Gas,NEM,2021-22,1655.0,133.0,0.08036253776435046
Tailem Bend Solar farm,SA,-35.2529335,139.4533779,Solar,NEM,2023-24,162227.0,461.0,0.002841697128098282
Barker Inlet Power Station,SA,-34.8038547,138.5238095,Natural Gas,NEM,2023-24,284769.0,165725.0,0.5819629243351628
Badgingarra Solar Farm,WA,-30.3903774,115.5021644,Solar,SWIS,2023-24,40736.0,44.0,0.00108012568735271
Darling Downs Solar Farm,QLD,-27.1170905,150.8946408,Solar,NEM,2023-24,210437.0,620.0,0.0029462499465398194
Dundonnell Wind Farm,VIC,-37.8992405,142.9841108,Wind,NEM,2023-24,879789.0,2556.0,0.0029052420523557354
Childers Solar Farm,QLD,-25.246446,152.2608358,Solar,NEM,2023-24,97246.0,276.0,0.0028381630092754457
Nevertire Solar Farm,NSW,-31.8370998,147.7179629,Solar,NEM,2023-24,244086.0,565.0,0.0023147579131945297
Susan River Solar Farm,QLD,-25.412503,152.7727478,Solar,NEM,2023-24,133683.0,361.0,0.0027004181533927278
Bungala One Solar Farm,SA,-32.4155509,137.8398439,Solar,NEM,2023-24,211796.0,14.0,6.610134280156377e-05
Finley Solar Farm,NSW,-35.6446552,145.5780957,Solar,NEM,2023-24,272477.0,843.0,0.0030938391130260535
Oakey 2 Solar Farm,QLD,-27.111009,152.9494531,Solar,NEM,2023-24,99536.0,0.0,0.0
HUGHENDEN SOLAR FARM,QLD,-20.8422448,144.2002892,Solar,NEM,2023-24,27393.0,376.0,0.013726134413901362
Maryrorough Solar Farm,QLD,-27.7121091,151.5448478,Solar,NEM,2023-24,61829.0,107.0,0.001730579501528409
Willogoleche Wind Farm,SA,-33.4168325,138.8440063,Wind,NEM,2023-24,302938.0,207.0,0.0006833081356581214
Bannerton Solar Farm,VIC,-34.73749,142.7992023,Solar,NEM,2023-24,125509.0,0.0,0.0
Lal Lal Wind Farm,VIC,-37.6759746,144.0127983,Wind,NEM,2023-24,470269.0,2405.0,0.005114094273702924
Longreach Solar Farm,QLD,-23.4378387,144.2586898,Solar,NEM,2021-22,32558.0,0.0,0.0
Murra Warra Wind Farm,VIC,-36.4364125,142.24662,Wind,NEM,2022-23,595993.0,733.0,0.0012298802167139548
BULGANA GREEN POWER HUB,VIC,-37.0381632,142.9835582,Wind,NEM,2023-24,517742.0,5631.0,0.010876073411081195
Oakey 1 Solar Farm,QLD,-27.4535965,151.7099829,Solar,NEM,2023-24,43377.0,0.0,0.0
Granville Harbour Wind Farm,TAS,-41.8076932,145.035148,Wind,NEM,2023-24,357236.0,125.0,0.00034990874379961707
Yarranlea Solar Farm,QLD,-27.723365,151.5510408,Solar,NEM,2023-24,204101.0,26.0,0.0001273879108872568
Clermont Solar Farm,QLD,-22.8392872,147.1550176,Solar,NEM,2023-24,160945.0,3492.0,0.021696852962192054
Wemen Solar Farm,VIC,-34.8044645,142.6621851,Solar,NEM,2023-24,121930.0,1436.0,0.011777249241367999
Wild Cattle Hill Wind Farm,TAS,-42.1374457,146.7086966,Wind,NEM,2023-24,456456.0,237.0,0.0005192176244807824
Warradarge Wind Farm,WA,-30.04778,115.3242,Wind,SWIS,2023-24,629934.0,700.0,0.0011112275254232984
Glenrowan West Solar Farm,VIC,-36.515464,146.1667316,Solar,NEM,2023-24,212912.0,603.0,0.0028321560081160293
Berrybank Wind farm,VIC,-37.9763978,143.4871169,Wind,NEM,2023-24,495868.0,1188.0,0.0023957988819605217
Goonumbla Solar Farm,NSW,-32.945,148.0547222,Solar,NEM,2023-24,145624.0,407.0,0.0027948689776410482
Bango Wind Farm,NSW,-34.7541667,148.9638889,Wind,NEM,2023-24,541186.0,1656.0,0.00305994611834009
Sapphire Wind Farm,NSW,-29.6774612,151.350582,Wind,NEM,2023-24,711849.0,2184.0,0.0030680664017228372
Cherry Tree Wind Farm,VIC,-37.8055886,148.0456635,Wind,NEM,2020-21,196655.0,455.0,0.002313696575220564
Wellington Solar Farm,NSW,-32.5542815,148.9515327,Solar,NEM,2023-24,382845.0,1098.0,0.002868001410492497
Yandin Wind Farm,WA,-30.75863,115.59918,Wind,SWIS,2023-24,834082.0,616.0,0.0007385364988094696
MSF,SA,-22.5794758,135.0285854,Solar,NEM,2023-24,11139.0,7.0,0.0006284226591255947
Collector Wind Farm,NSW,-34.9133385,149.4322749,Wind,NEM,2023-24,471048.0,1870.0,0.003969871435607412
Mount Emerald Wind Farm,QLD,-17.2038889,145.4061111,Wind,NEM,2023-24,533076.0,968.0,0.0018158761602473192
Merredin Solar Farm,WA,-31.4589545,118.2760425,Solar,SWIS,2023-24,245221.0,453.0,0.00184731323989381
Bomen Solar Farm,NSW,-35.0816667,147.4177778,Solar,NEM,2022-23,195470.0,626.0,0.003202537473781143
Sunraysia Solar Farm,NSW,-34.1376922,142.1408963,Solar,NEM,2023-24,428212.0,3432.0,0.008014721679915555
Warwick Solar Farm,QLD,-28.1815683,152.0732657,Solar,NEM,2020-21,20398.0,405.0,0.019854887734091577
YATPOOL SOLAR FARM,VIC,-34.3581983,142.2144347,Solar,NEM,2023-24,128062.0,361.0,0.0028189470725117523
Molong Solar Farm,NSW,-33.0923817,148.8638613,Solar,NEM,2023-24,31963.0,495.0,0.015486656446516284
Beryl Solar Farm,NSW,-32.3430231,149.4431163,Solar,NEM,2023-24,192828.0,615.0,0.003189370838260004
Manildra Solar Farm,NSW,-33.1845889,148.6929585,Solar,NEM,2023-24,47546.0,169.0,0.003554452530181298
Grand Central Shopping Centre Solar Farm,QLD,-27.5617447,151.9510421,Solar,Off-grid,2023-24,1246.0,0.0,0.0
Logan Hyperdome Solar Farm,QLD,-27.6568339,153.1713587,Solar,Off-grid,2023-24,6034.0,0.0,0.0
Robina Shopping Centre Solar Farm,QLD,-28.0574697,153.3943897,Solar,Off-grid,2023-24,6518.0,0.0,0.0
Virtual Power Plant,VIC,-37.7616302,145.0256561,Solar,Off-grid,2023-24,2450.0,0.0,0.0
Ferguson Wind Farm,VIC,-38.6304238,143.5282806,Wind,NEM,2021-22,46984.0,54.0,0.0011493274306146773
Maroona Wind Farm,VIC,-37.4224565,142.8464382,Wind,NEM,2023-24,22549.0,24.0,0.00106434875160761
Corowa Solar Farm,NSW,-35.9995747,146.3906094,Solar,NEM,2023-24,61769.0,135.0,0.0021855623370946593
Junee Solar Farm,NSW,-34.8150257,147.672675,Solar,NEM,2023-24,57854.0,200.0,0.0034569779099111555
Wagga Wagga North Solar Farm,NSW,-35.0782237,147.4151016,Solar,NEM,2023-24,81929.0,269.0,0.0032833306887671034
Sebastopol Solar Farm,NSW,-34.6093863,147.5553293,Solar,NEM,2023-24,180287.0,17.0,9.429409774415237e-05
Karratha Solar Farm,WA,-20.7370067,116.8478592,Solar,NEM,2023-24,850.0,2.0,0.002352941176470588
Stockyard Wind Farm,VIC,-36.5366583,145.9902412,Wind,NEM,2023-24,1571883.0,4045.0,0.002573346744000667
Winton Solar Farm,VIC,-36.5197855,146.0931149,Solar,NEM,2023-24,147966.0,33.0,0.00022302420826406067
Mortlake South Wind Farm,VIC,-38.1214834,142.811485,Wind,NEM,2023-24,283153.0,1330.0,0.0046971072176526475
Coopers Gap Wind Farm,QLD,-26.7623584,151.5000674,Wind,NEM,2023-24,1285781.0,1197.0,0.0009309516939509917
Dugald River Solar Farm,QLD,-19.9904063,140.4068137,Solar,Mt Isa,2023-24,141825.0,0.0,0.0
Kiata Wind Farm,VIC,-36.363836,141.7835527,Wind,NEM,2023-24,101050.0,414.0,0.0040969816922315685
Jabiru Power Station,NT,-12.6738286,132.8365938,Diesel,Off-grid,2023-24,13897.0,4960.0,0.35691156364683024
Cohuna Solar Farm,VIC,-35.80826,144.2200068,Solar,NEM,2023-24,28219.0,14.0,0.0004961196357064389
Berrybank 2 Wind farm,VIC,-38.1474602,145.2887805,Wind,NEM,2023-24,230661.0,1011.0,0.004383055653101304
Clarke Creek Wind Farm,QLD,-22.72562,149.3120589,Wind,NEM,2023-24,1542.0,13214.0,8.569390402075227
Hydro Power Station - Bastyan,TAS,-41.73502,145.5315863,Hydro,NEM,2023-24,268278.0,39.0,0.00014537159215440699
Hydro Power Station - Catagunya,TAS,-42.4385556,146.5620244,Hydro,NEM,2023-24,188179.0,45.0,0.000239134016016665
Hydro Power Station - Cethana,TAS,-41.4765846,146.1616963,Hydro,NEM,2023-24,255848.0,720.0,0.002814170913980176
Hydro Power Station - Cluny,TAS,-42.5064415,146.6810463,Hydro,NEM,2023-24,69494.0,13.0,0.00018706650933893575
Hydro Power Station - Devils Gate,TAS,-41.3504391,146.263429,Hydro,NEM,2023-24,180918.0,67.0,0.00037033352126377697
Hydro Power Station - Gordon,TAS,-43.2617003,147.2411439,Hydro,NEM,2023-24,780793.0,100.0,0.00012807491870444536
Hydro Power Station - John Butters,TAS,-42.1548941,145.5345078,Hydro,NEM,2023-24,567268.0,311.0,0.0005482417481684143
Hydro Power Station - Lake Echo,TAS,-42.1628393,146.6479132,Hydro,NEM,2023-24,76086.0,28.0,0.000368004626343874
Hydro Power Station - Lake Margaret Lower,TAS,-42.0148718,145.5263239,Hydro,NEM,2023-24,6179.0,3.0,0.0004855154555753358
Hydro Power Station - Lemonthyme,TAS,-41.603717,146.1389172,Hydro,NEM,2023-24,160560.0,50.0,0.0003114100647732935
Hydro Power Station - Liapootah,TAS,-42.3762793,146.5100919,Hydro,NEM,2023-24,371058.0,57.0,0.0001536147987646136
Hydro Power Station - Mackintosh,TAS,-41.69999,145.6454763,Hydro,NEM,2023-24,292258.0,500.0,0.0017108171547057737
Hydro Power Station - Meadowbank,TAS,-42.5976023,146.8302653,Hydro,NEM,2023-24,119884.0,25.0,0.00020853491708651696
Hydro Power Station - Paloona,TAS,-41.2578267,146.2764337,Hydro,NEM,2023-24,84876.0,18.0,0.00021207408454686837
Hydro Power Station - Parangana,TAS,-41.6535143,146.225657,Hydro,NEM,2023-24,5214.0,0.0,0.0
Hydro Power Station - Poatina,TAS,-41.7964237,146.9602505,Hydro,NEM,2023-24,1312018.0,930.0,0.0007088317385889523
Hydro Power Station - Reece,TAS,-41.72442,145.1376063,Hydro,NEM,2023-24,759347.0,2336.0,0.0030763274234309216
Hydro Power Station - Repulse,TAS,-42.5077755,146.6469899,Hydro,NEM,2023-24,115149.0,17.0,0.0001476348036022892
Hydro Power Station - Tarraleah,TAS,-42.3009554,146.4497657,Hydro,NEM,2023-24,553189.0,1017.0,0.0018384313498641513
Hydro Power Station - Tods Corner,TAS,-41.9682847,146.7996404,Hydro,NEM,2023-24,0.0,4.0,
Hydro Power Station - Trevallyn,TAS,-41.4362794,147.1160493,Hydro,NEM,2023-24,344371.0,54.0,0.00015680762898153444
Hydro Power Station - Tribute,TAS,-41.8144339,145.6518446,Hydro,NEM,2023-24,211796.0,63.0,0.00029745604260703696
Hydro Power Station - Tungatinah,TAS,-42.2968611,146.4566731,Hydro,NEM,2023-24,376377.0,119.0,0.0003161723484697524
Hydro Power Station - Wayatinah,TAS,-42.38857,146.49946,Hydro,NEM,2023-24,216516.0,37.0,0.00017088806369968039
Hydro Power Station - Wilmot,TAS,-41.3870316,146.1748539,Hydro,NEM,2023-24,81928.0,31.0,0.00037838101747876183
Power Station - Flinders Island,TAS,-39.9967743,148.089437,Wind,Off-grid,2023-24,5192.0,1769.0,0.3407164869029276
Power Station - King Island,TAS,-39.8686056,143.9785801,Diesel,Off-grid,2023-24,14613.0,6924.0,0.4738246766577705
Power Station - Tamar Valley,TAS,-41.1405872,146.9056213,Natural Gas,NEM,2023-24,233140.0,113240.0,0.48571673672471477
Bolivar Power Station,SA,-34.7715623,138.5722034,Natural Gas,NEM,2023-24,43297.0,23703.0,0.5474513245721413
Metz Solar Farm,NSW,-30.5816667,151.8677778,Solar,NEM,2023-24,220543.0,1130.0,0.005123717370308738
Murra Warra II Wind Farm,VIC,-36.4364125,142.24662,Wind,NEM,2023-24,540119.0,1553.0,0.0028752922966975795
Snapper Point Power Station,SA,-34.7645435,138.5083889,Natural Gas,NEM,2023-24,38462.0,27319.0,0.7102854765742811
Blue Rock,VIC,-38.0792934,146.2302114,Hydro,NEM,2023-24,10467.0,0.0,0.0
Cardinia,VIC,-38.1436364,145.4178196,Hydro,NEM,2023-24,4456.0,0.0,0.0
Esperance Town Power Station,WA,-31.9884635,115.8971507,Natural Gas,Off-grid,2023-24,85532.0,28595.0,0.33431931908525464
Meekatharra Solar Farm,WA,-26.5925631,118.4957043,Solar,Off-grid,2023-24,533.0,0.0,0.0
Norseman Power Station,WA,-32.1984985,121.7791456,Diesel,Off-grid,2023-24,4910.0,3182.0,0.6480651731160896
Nova Power Station,VIC,-37.636929,144.8719633,Natural Gas,NEM,2023-24,1174.0,3773.0,3.2137989778534926
Gangarri Solar Farm,QLD,-26.2694941,149.759417,Solar,NEM,2023-24,197666.0,719.0,0.0036374490301822266
Gunnedah Solar Farm,NSW,-31.0237593,150.2036527,Solar,NEM,2023-24,240153.0,0.0,0.0
Suntop Solar Farm,NSW,-32.5652,148.8346,Solar,NEM,2023-24,273861.0,0.0,0.0
Kiamal Solar Farm,VIC,-34.9956336,142.3157549,Solar,NEM,2023-24,398647.0,5452.0,0.013676259949278435
New England Solar Farm,NSW,-30.5954925,152.4697192,Solar,NEM,2023-24,822340.0,4161.0,0.005059950871902133
Dulacca Wind Farm,QLD,-26.696213,149.772171,Wind,NEM,2023-24,531175.0,1032.0,0.001942862521767779
Rye Park Wind Farm,NSW,-34.5179697,148.907277,Wind,NEM,2023-24,449625.0,1873.0,0.004165693633583542
Murra Warra 1 Wind Farm,VIC,-36.4364125,142.24662,Wind,NEM,2023-24,487520.0,792.0,0.001624548736462094
Wandoan Solar Farm 1,QLD,-26.135673,149.9011851,Solar,NEM,2023-24,243186.0,1570.0,0.00645596374791312
Albany,WA,-35.0247822,117.883608,Unknown,,,,,
Barron Gorge,QLD,-16.881977,145.6727322,Unknown,,,,,
Bastyan,TAS,-41.73502,145.5315863,Unknown,,,,,
Blowering,NSW,-35.4869444,148.2636111,Unknown,,,,,
Butlers Gorge,TAS,-42.2743439,146.2758378,Unknown,,,,,
Cairn Curran,VIC,-37.0427759,143.9838664,Unknown,,,,,
Catagunya,TAS,-42.4488719,146.5933543,Unknown,,,,,
Cethana,TAS,-41.4765846,146.1616963,Unknown,,,,,
Clover,VIC,-37.85589,145.020236,Unknown,,,,,
Cluny,TAS,-42.5064415,146.6810463,Unknown,,,,,
Denham,WA,-25.9280964,113.5372233,Unknown,,,,,
Devils Gate,TAS,-41.3504391,146.263429,Unknown,,,,,
Farleigh Mill,QLD,-21.0994029,149.1008061,Unknown,,,,,
Fisher,TAS,-40.2169397,148.2391065,Unknown,,,,,
Gordon,TAS,-43.2617003,147.2411439,Unknown,,,,,
Guthega,NSW,-36.3816543,148.3734295,Unknown,,,,,
John Butters,TAS,-42.1548941,145.5345078,Unknown,,,,,
Kareeya,QLD,-17.7686275,145.5739651,Unknown,,,,,
Koombooloomba,QLD,-17.826819,145.5385597,Unknown,,,,,
Lake Echo,TAS,-42.1628393,146.6479132,Unknown,,,,,
Lemonthyme,TAS,-41.603717,146.1389172,Unknown,,,,,
Liapootah,TAS,-42.3762793,146.5100919,Unknown,,,,,
Mackintosh,TAS,-41.69999,145.6454763,Unknown,,,,,
McKay Creek,VIC,-36.8747271,147.2433527,Unknown,,,,,
Meadowbank,TAS,-42.5976023,146.8302653,Unknown,,,,,
Murray 1,NSW,-33.8688057,151.0384485,Unknown,,,,,
Murray 2,NSW,-33.804437,151.081015,Unknown,,,,,
Paloona,TAS,-41.2578267,146.2764337,Unknown,,,,,
Poatina,TAS,-41.7964237,146.9602505,Unknown,,,,,
Racecourse Mill,QLD,-21.1641873,149.1340214,Unknown,,,,,
Reece,TAS,-41.72442,145.1376063,Unknown,,,,,
Repulse,TAS,-42.5077755,146.6469899,Unknown,,,,,
Rowallan,TAS,-41.72951,146.2170563,Unknown,,,,,
Swanbank,QLD,-27.6612741,152.8241225,Unknown,,,,,
Tarraleah,TAS,-42.3009554,146.4497657,Unknown,,,,,
Tods Corner,TAS,-41.9682847,146.7996404,Unknown,,,,,
Trevallyn,TAS,-41.4362794,147.1160493,Unknown,,,,,
Tribute,TAS,-41.814434,145.6518445,Unknown,,,,,
Tumut 1,NSW,-35.3015747,148.2226744,Unknown,,,,,
Tumut 2,NSW,-35.3015747,148.2226744,Unknown,,,,,
Tumut 3,NSW,-35.3015747,148.2226744,Unknown,,,,,
Tungatinah,TAS,-42.2968611,146.4566731,Unknown,,,,,
Wayatinah,TAS,-42.38857,146.49946,Unknown,,,,,
West Kiewa,VIC,-36.8190086,147.1572441,Unknown,,,,,
Wilmot,TAS,-41.3870316,146.1748539,Unknown,,,,,
Windy Hill,QLD,-17.5911646,145.5296049,Unknown,,,,,
Wyangala,NSW,-33.9485,148.9346,Unknown,,,,,
Chichester Dam,NSW,-32.2373028,151.6898139,Unknown,,,,,
Marian Mill,QLD,-21.1441294,148.9381543,Unknown,,,,,
Isis Central Sugar Mill,QLD,-25.1934324,152.2056594,Unknown,,,,,
Tableland Mill,QLD,-17.1199491,145.3450211,Unknown,,,,,
Invicta Mill,QLD,-19.5223217,147.1057025,Unknown,,,,,
Jacks Gully,NSW,-34.0767276,150.7421357,Unknown,,,,,
Kalamia Mill,QLD,-19.5232625,147.4150309,Unknown,,,,,
Inkerman Mill,QLD,-19.6446642,147.4008143,Unknown,,,,,
Plane Creek Mill,QLD,-21.4276474,149.2148137,Unknown,,,,,
Macknade Mill,QLD,-18.5873304,146.2576389,Unknown,,,,,
Dartmouth,VIC,-36.611893,147.6137704,Unknown,,,,,
Eildon Power Station,VIC,-37.2219823,145.9214761,Unknown,,,,,
Thursday Island,QLD,-10.5786459,142.2189206,Unknown,,,,,
Harwood Mill,NSW,-29.4228771,153.2471503,Unknown,,,,,
Burrendong,NSW,-32.7003526,149.1051157,Unknown,,,,,
Copeton,NSW,-29.8782167,150.9252216,Unknown,,,,,
Glenbawn,NSW,-32.04,151.0677778,Unknown,,,,,
Visy Pulp and Paper,NSW,-35.2969641,148.1387178,Unknown,,,,,
Pioneer Mill,QLD,-19.5564291,147.3293446,Unknown,,,,,
Victoria Mill,QLD,-18.650125,146.200494,Unknown,,,,,
Yarrawonga Power Station,VIC,-36.009397,145.9994849,Unknown,,,,,
Proserpine Sugar Mill,QLD,-20.3982009,148.5829134,Unknown,,,,,
Vales Point,NSW,-33.1432212,151.5357176,Unknown,,,,,
Maryvale Mill,VIC,-38.18329,146.4483004,Unknown,,,,,
Stromlo - Hydro - ACT,ACT,-35.3130241,148.992548,Unknown,,,,,
Muja,WA,-33.4165555,116.3474185,Unknown,,,,,
Condong Sugar Mill,NSW,-28.3140727,153.4347099,Unknown,,,,,
Woolnorth Wind Farm,TAS,-40.7469363,144.7495328,Unknown,,,,,
Wyndham Landfill,VIC,-15.5000223,128.1606264,Unknown,,,,,
Mossman Mill,QLD,-16.4583766,145.3786023,Unknown,,,,,
Wivenhoe Hydro,QLD,-20.8136098,142.0919363,Unknown,,,,,
Wilpena Pound,SA,-31.5264564,138.606148,Unknown,,,,,
The Drop,NSW,-35.7759387,145.7533108,Unknown,,,,,
Mawson,TAS,-42.6943,146.59004,Unknown,,,,,
Mulgrave Mill,QLD,-17.0902666,145.7897267,Unknown,,,,,
Tamala Park,WA,-31.7085,115.7243,Unknown,,,,,
Tinaroo Hydro,QLD,-17.1663635,145.5305956,Unknown,,,,,
Lake Bonney Wind Farm Stage 1,SA,-37.7389792,140.3868101,Unknown,,,,,
Hinze Dam Hydro,QLD,-28.0502971,153.2801969,Unknown,,,,,
Carnarvon Solar Farm,WA,-24.883847,113.6570703,Unknown,,,,,
Mt Millar Wind Farm,SA,-34.8839063,138.6639096,Unknown,,,,,
Wyangala B Hydro,NSW,-33.9485,148.9346,Unknown,,,,,
Grange Avenue Power Station,NSW,-33.7029727,150.8417576,Unknown,,,,,
Woolnorth Studland Bay,TAS,-40.7469363,144.7495328,Unknown,,,,,
Rocky Point Sugar Mill,QLD,-27.7340494,153.3271062,Unknown,,,,,
Hallett Wind Farm SA,SA,-33.4118964,138.8936983,Unknown,,,,,
Lake Bonney Wind Farm Stage 2,SA,-37.7389792,140.3868101,Unknown,,,,,
Snowtown Wind Farm - SA,SA,-33.7829422,138.2147186,Unknown,,,,,
Kalbarri Wind Farm - WA,WA,-27.7113895,114.1647412,Unknown,,,,,
Waubra Wind Farm - VIC,VIC,-37.337312,143.631375,Unknown,,,,,
Hallett 2 Wind Farm - SA,SA,-33.4118964,138.8936983,Unknown,,,,,
Capital Wind Farm - NSW,NSW,-35.5295295,148.7722443,Unknown,,,,,
Clements Gap Wind Farm - SA,SA,-33.5084391,138.0644427,Unknown,,,,,
Bogong Hydro - VIC,VIC,-36.796961,147.2215416,Unknown,,,,,
Jounama Hydro - NSW,NSW,-35.5631957,148.4653053,Unknown,,,,,
Cape Bridgewater Wind Farm - VIC,VIC,-38.3297785,141.4342485,Unknown,,,,,
Cape Nelson South Wind Farm - VIC,VIC,-38.430931,141.5428977,Unknown,,,,,
Waterloo Wind Farm - SA,SA,-34.7410697,138.60599,Unknown,,,,,
Nieterana Mini Hydro - TAS,TAS,-42.2686746,146.2628735,Unknown,,,,,
Gunning Wind Farm - NSW,NSW,-34.722127,149.181707,Unknown,,,,,
Collgar Wind Farm - WA,WA,-31.5524262,118.3528844,Unknown,,,,,
Woodlawn Wind Farm - Tarago - NSW,NSW,-35.0614888,149.5765745,Unknown,,,,,
The Bluff Wind Farm - SA,SA,-37.7257364,140.571592,Unknown,,,,,
Oaklands Hill Wind Farm - VIC,VIC,-37.6836375,142.546547,Unknown,,,,,
Carnarvon - Massey Bay Road - Solar Farm - WA,WA,-24.9079445,113.6801937,Unknown,,,,,
Grasmere Wind Farm - WA,WA,-35.03869,117.74618,Unknown,,,,,
Karakin Wind Farm - WA,WA,-31.063674,115.4635696,Unknown,,,,,
Greenough River Solar Farm - WA,WA,-28.9039383,115.1115216,Unknown,,,,,
Flinders Island Wind Farm - TAS,TAS,-39.9967743,148.089437,Unknown,,,,,
Macarthur Wind Farm - VIC,VIC,-38.0449895,142.0433957,Unknown,,,,,
Mortons Lane Wind Farm - VIC,VIC,-38.3214968,146.0451059,Unknown,,,,,
Denmark Community Wind Farm - WA,WA,-34.9581665,117.3534196,Unknown,,,,,
Musselroe Wind Farm - TAS,TAS,-41.00074,148.07952,Unknown,,,,,
Thomson Hydro Power Station - VIC,VIC,-38.1698547,144.3789317,Unknown,,,,,
Mildura Solar Farm - VIC,VIC,-34.1849673,142.1622176,Unknown,,,,,
Snowtown Wind Farm Stage 2 - SA,SA,-33.7829422,138.2147186,Unknown,,,,,
Snowtown South Wind Farm - SA,SA,-33.7829422,138.2147186,Unknown,,,,,
Mt Mercer Wind Farm - VIC,VIC,-37.837287,143.8673473,Unknown,,,,,
Doomadgee Solar Farm - QLD,QLD,-17.7451694,138.7414196,Unknown,,,,,
Royalla Solar Farm - ACT,ACT,-35.5158611,149.1476501,Unknown,,,,,
Walla Walla Solar Farm - NSW,NSW,-35.7633155,146.9008022,Unknown,,,,,
Cape Sir William Grant Wind Farm - VIC,VIC,-38.4056485,141.6250925,Unknown,,,,,
Taralga Wind Farm - NSW,NSW,-34.3993392,149.8202383,Unknown,,,,,
Bald Hills Wind Farm - VIC,VIC,-37.447638,143.8381364,Unknown,,,,,
Nyngan Solar Plant - NSW,NSW,-31.5564839,147.0860758,Unknown,,,,,
Chepstowe Wind Farm - VIC,VIC,-37.596725,143.4853814,Unknown,,,,,
Weipa Solar Farm - QLD,QLD,-12.6388683,141.8631939,Unknown,,,,,
Broken Hill Solar Plant - NSW,NSW,-31.9882663,141.3932099,Unknown,,,,,
Desert Knowledge Australia Solar Centre - NT,NT,-23.7630102,133.8761504,Unknown,,,,,
Coonooer Bridge Wind Farm - VIC,VIC,-36.4653655,143.3089805,Unknown,,,,,
Hornsdale Wind Farm Stage 1 - SA,SA,-33.0398943,138.5254303,Unknown,,,,,
Bundaberg Christian College - QLD,QLD,-24.8684758,152.4057436,Unknown,,,,,
"Ararat Wind Farm, VIC",VIC,-37.2834165,142.9319447,Unknown,,,,,
Mount Majura Solar Farm - ACT,ACT,-35.237479,149.1820512,Unknown,,,,,
Sunshine Plaza,VIC,-37.7826358,144.832523,Unknown,,,,,
CEVA,VIC,-38.0879702,145.239969,Unknown,,,,,
Mugga Lane Solar Park - ACT,ACT,-35.3970191,149.1471191,Unknown,,,,,
Williamsdale Solar Farm ACT,ACT,-35.5692907,149.1410268,Unknown,,,,,
Hornsdale Wind Farm Stage 2 - SA,SA,-33.0398943,138.5254303,Unknown,,,,,
Barcaldine Solar Farm - QLD,QLD,-23.052892,145.8209434,Unknown,,,,,
White Rock Wind Farm - NSW,NSW,-33.4816667,149.6177778,Unknown,,,,,
Sunshine Coast Solar Farm - QLD,QLD,-26.8339243,152.9650657,Unknown,,,,,
REWASTE WOLLERT - VIC,VIC,-37.6110501,144.9761379,Unknown,,,,,
Kiata Wind Farm - VIC,VIC,-36.363836,141.7835527,Unknown,,,,,
Sapphire Wind Farm - NSW,NSW,-29.6774612,151.350582,Unknown,,,,,
Maroona Wind Farm - Vic,VIC,-37.4224565,142.8464382,Unknown,,,,,
Hughenden Solar Farm - QLD,QLD,-20.8429659,144.2003111,Unknown,,,,,
Black Rock solar farm - VIC,VIC,-37.9621131,145.0188197,Unknown,,,,,
CLARE SOLAR FARM - QLD,QLD,-19.8307685,147.1880545,Unknown,,,,,
Longreach Solar Farm QLD,QLD,-23.4413969,144.2503065,Unknown,,,,,
GANNAWARRA SOLAR FARM - VIC,VIC,-35.7336587,143.9205658,Unknown,,,,,
Peterborough Solar Farm - SA,SA,-32.9785679,138.8158645,Unknown,,,,,
Narromine Solar Farm - NSW,NSW,-32.23205,148.239281,Unknown,,,,,
Manildra Solar Farm - NSW,NSW,-33.1845889,148.6929585,Unknown,,,,,
Bungala One Solar Farm SA,SA,-32.4155509,137.8398439,Unknown,,,,,
Silverton Wind Farm - NSW,NSW,-31.8869094,141.2275456,Unknown,,,,,
Swan Hill solar farm Victoria,VIC,-35.3392273,143.5593694,Unknown,,,,,
Big Top Mt Gravatt Queensland,QLD,-27.5309751,153.074107,Unknown,,,,,
Whyalla Solar Farm 1 - SA,SA,-33.0382085,137.5843572,Unknown,,,,,
Salt Creek Wind Farm - VIC,VIC,-37.907466,142.7980936,Unknown,,,,,
Mt Gellibrand Wind Farm - VIC,VIC,-38.23347,143.79238,Unknown,,,,,
Crookwell 2 Wind Farm NSW,NSW,-34.4576958,149.4696713,Unknown,,,,,
HAMILTON SOLAR FARM - QLD,QLD,-27.4388665,153.0645188,Unknown,,,,,
WHITSUNDAY SOLAR FARM - QLD,QLD,-20.0008272,148.2377252,Unknown,,,,,
Willogoleche Wind Farm - SA,SA,-33.4168325,138.8440063,Unknown,,,,,
Darling Downs Solar Farm - QLD,QLD,-27.1170905,150.8946408,Unknown,,,,,
Numurkah Solar Farm - VIC,VIC,-36.0901483,145.4421854,Unknown,,,,,
Mount Emerald Wind Farm - Qld,QLD,-17.2038889,145.4061111,Unknown,,,,,
Ross River Solar Farm - QLD,QLD,-19.3090595,146.7688108,Unknown,,,,,
DAYDREAM SOLAR FARM- QLD,QLD,-28.0856021,153.4494546,Unknown,,,,,
HAYMAN SOLAR FARM - QLD,QLD,-20.0502143,148.8883785,Unknown,,,,,
Baking Board solar farm - QLD,QLD,-26.698762,150.5794702,Unknown,,,,,
Ythan Creek - Hydro - Vic,VIC,-37.7350132,145.6826186,Unknown,,,,,
Timboon West Wind Farm - VIC,VIC,-38.53889,142.922725,Unknown,,,,,
Karadoc Solar Farm - VIC,VIC,-34.3217119,142.1859007,Unknown,,,,,
Wemen Solar Farm - Vic,VIC,-34.8044645,142.6621851,Unknown,,,,,
Susan River Solar Farm - QLD,QLD,-25.412503,152.7727478,Unknown,,,,,
Yawong Wind Farm - VIC,VIC,-36.469043,143.3869903,Unknown,,,,,
Childers Solar Farm - QLD,QLD,-25.232469,152.2711324,Unknown,,,,,
Oakey 1 Solar Farm - QLD,QLD,-27.4535965,151.7099829,Unknown,,,,,
Rugby Run Solar Farm - QLD,QLD,-22.1349463,147.8910002,Unknown,,,,,
Lilyvale Solar Farm - QLD,QLD,-27.42694,151.875,Unknown,,,,,
Murra Warra Wind Farm Stage 1 - VIC,VIC,-36.4364125,142.24662,Unknown,,,,,
Beryl Solar Farm - NSW,NSW,-32.3430231,149.4431163,Unknown,,,,,
Oakey 2 Solar Farm - QLD,QLD,-27.111009,152.9494531,Unknown,,,,,
Yendon Wind Farm - VIC,VIC,-37.6376283,143.97273,Unknown,,,,,
Haughton Solar Farm - QLD,QLD,-19.7392595,147.111992,Unknown,,,,,
Beros Road Wind Farm - WA,WA,-29.9902782,115.3334958,Unknown,,,,,
Elaine Wind Farm - VIC,VIC,-37.777445,144.0288768,Unknown,,,,,
Cattle Hill Wind Farm - TAS,TAS,-42.1374457,146.7086966,Unknown,,,,,
Sunraysia Solar Farm - NSW,NSW,-34.1376922,142.1408963,Unknown,,,,,
Maryrorough - solar - QLD,QLD,-27.7121091,151.5448478,Unknown,,,,,
Onslow Solar Farm - WA,WA,-21.6347986,115.1111838,Unknown,,,,,
Cherry Tree Wind Farm - VIC,VIC,-37.8055886,148.0456635,Unknown,,,,,
Dundonnell Wind Farm - VIC,VIC,-37.8992405,142.9841108,Unknown,,,,,
Bomen Solar Farm - NSW,NSW,-35.0745667,147.4115773,Unknown,,,,,
Cohuna Solar Farm - VIC,VIC,-35.80826,144.2200068,Unknown,,,,,
Warwick Solar Farm - Solar - QLD,QLD,-28.1815683,152.0732657,Unknown,,,,,
Moorabool Wind Farm - Vic,VIC,-37.5578907,144.0044049,Unknown,,,,,
Goonumbla Solar Farm - NSW,NSW,-32.945,148.0547222,Unknown,,,,,
Yandin Wind Farm - WA,WA,-30.75863,115.59918,Unknown,,,,,
Ferguson North Wind Farm - VIC,VIC,-37.857784,144.8887668,Unknown,,,,,
Collector Wind Farm - NSW,NSW,-34.9133385,149.4322749,Unknown,,,,,
Gangarri Solar Farm - Solar - QLD,QLD,-26.2694941,149.759417,Unknown,,,,,
Winton Solar Farm - VIC,VIC,-36.5518529,145.9842953,Unknown,,,,,
Ferguson South Wind Farm - VIC,VIC,-38.5468519,146.2364802,Unknown,,,,,
Chichester Solar Farm - WA,WA,-21.7573924,118.0311961,Unknown,,,,,
Suntop Solar Farm - NSW,NSW,-32.5652,148.8346,Unknown,,,,,
Diapur Wind Farm - VIC,VIC,-36.3205398,141.4548704,Unknown,,,,,
Sebastopol Solar Farm - Solar - NSW,NSW,-34.6093863,147.5553293,Unknown,,,,,
Little Fisher Hydro Power Station TAS,TAS,-41.7194403,146.3109836,Unknown,,,,,
Columboola Solar Farm - QLD,QLD,-26.6924675,150.3170327,Unknown,,,,,
Murra Warra Wind Farm Stage 2 - VIC,VIC,-36.4364125,142.24662,Unknown,,,,,
Gruyere Power Station - Solar Farm - WA,WA,-28.0309024,123.8118209,Unknown,,,,,
Mortlake South Wind Farm - VIC,VIC,-38.0869066,145.4290443,Unknown,,,,,
New England Solar Farm - NSW,NSW,-32.7004919,151.4492755,Unknown,,,,,
Warnertown 1 Solar Farm - SA,SA,-33.2420178,138.1381564,Unknown,,,,,
Dulacca Wind Farm - QLD,QLD,-26.696213,149.772171,Unknown,,,,,
Wandoan Solar Farm 1 - Qld,QLD,-26.135673,149.9011851,Unknown,,,,,
Leinster Solar Farm - WA,WA,-27.9169614,120.6992407,Unknown,,,,,
Mt Keith Solar Farm - WA,WA,-27.17215,120.54305,Unknown,,,,,
Dubbo-Solar-NSW,NSW,-32.219485,148.2571164,Unknown,,,,,
Glenrowan Solar Farm - VIC,VIC,-36.4639611,146.221016,Unknown,,,,,
200B-Solar-NSW,NSW,-31.556484,147.0860758,Unknown,,,,,
MacIntyre Wind Farm - Wind - QLD,QLD,-28.2989955,151.6093489,Unknown,,,,,
