interval_ts,network_region,demand,price
2026-05-11 14:00:00+00:00,NEM,21072.36,77.226
2026-05-11 14:05:00+00:00,NEM,20986.39,77.872
2026-05-11 14:10:00+00:00,NEM,20953.31,78.444
2026-05-11 14:15:00+00:00,NEM,20841.53,78.828
2026-05-11 14:20:00+00:00,NEM,20990.78,84.316
2026-05-11 14:25:00+00:00,NEM,20918.68,79.714
2026-05-11 14:30:00+00:00,NEM,20786.18,79.27
2026-05-11 14:35:00+00:00,NEM,20627.54,80.184
2026-05-11 14:40:00+00:00,NEM,20720.96,79.58
2026-05-11 14:45:00+00:00,NEM,20582.04,79.288
2026-05-11 14:50:00+00:00,NEM,20501.71,79.764
2026-05-11 14:55:00+00:00,NEM,20439.63,79.836
2026-05-11 15:00:00+00:00,NEM,20225.86,78.976
2026-05-11 15:05:00+00:00,NEM,20070.32,77.452
2026-05-11 15:10:00+00:00,NEM,20018.02,77.598
2026-05-11 15:15:00+00:00,NEM,19840.78,77.182
2026-05-11 15:20:00+00:00,NEM,19860.14,77.382
2026-05-11 15:25:00+00:00,NEM,19798.11,71.308
2026-05-11 15:30:00+00:00,NEM,19751.29,72.314
2026-05-11 15:35:00+00:00,NEM,19795.39,78.71
2026-05-11 15:40:00+00:00,NEM,19730.23,78.594
2026-05-11 15:45:00+00:00,NEM,19675.81,78.494
2026-05-11 15:50:00+00:00,NEM,19661.02,78.208
2026-05-11 15:55:00+00:00,NEM,19531.66,74.986
2026-05-11 16:00:00+00:00,NEM,19434.5,74.554
2026-05-11 16:05:00+00:00,NEM,19505.2,80.534
2026-05-11 16:10:00+00:00,NEM,19350.34,78.144
2026-05-11 16:15:00+00:00,NEM,19260.46,74.856
2026-05-11 16:20:00+00:00,NEM,19269.84,79.908
2026-05-11 16:25:00+00:00,NEM,19248.46,79.826
2026-05-11 16:30:00+00:00,NEM,19199.89,82.576
2026-05-11 16:35:00+00:00,NEM,19045.2,74.348
2026-05-11 16:40:00+00:00,NEM,18965.53,74.186
2026-05-11 16:45:00+00:00,NEM,18924.48,74.784
2026-05-11 16:50:00+00:00,NEM,18934.27,74.772
2026-05-11 16:55:00+00:00,NEM,18941.67,74.86
2026-05-11 17:00:00+00:00,NEM,18933.22,74.112
2026-05-11 17:05:00+00:00,NEM,18900.12,74.586
2026-05-11 17:10:00+00:00,NEM,19046.59,82.986
2026-05-11 17:15:00+00:00,NEM,19102.76,75.634
2026-05-11 17:20:00+00:00,NEM,18990.61,72.108
2026-05-11 17:25:00+00:00,NEM,19009.76,74.216
2026-05-11 17:30:00+00:00,NEM,19010.49,74.136
2026-05-11 17:35:00+00:00,NEM,18880.25,74.788
2026-05-11 17:40:00+00:00,NEM,18902.49,74.646
2026-05-11 17:45:00+00:00,NEM,18902.34,75.12
2026-05-11 17:50:00+00:00,NEM,18908.59,83.024
2026-05-11 17:55:00+00:00,NEM,18837.43,74.678
2026-05-11 18:00:00+00:00,NEM,18846.95,76.952
2026-05-11 18:05:00+00:00,NEM,18917.16,78.44
2026-05-11 18:10:00+00:00,NEM,18984.25,83.922
2026-05-11 18:15:00+00:00,NEM,18895.72,80.448
2026-05-11 18:20:00+00:00,NEM,18997.06,81.846
2026-05-11 18:25:00+00:00,NEM,18975.58,73.264
2026-05-11 18:30:00+00:00,NEM,19051.41,84.142
2026-05-11 18:35:00+00:00,NEM,19081.64,74.998
2026-05-11 18:40:00+00:00,NEM,19250.95,84.18
2026-05-11 18:45:00+00:00,NEM,19265.18,84.102
2026-05-11 18:50:00+00:00,NEM,19327.85,84.11
2026-05-11 18:55:00+00:00,NEM,19387.97,81.83
2026-05-11 19:00:00+00:00,NEM,19500.18,84.892
2026-05-11 19:05:00+00:00,NEM,19592.87,84.32
2026-05-11 19:10:00+00:00,NEM,19756.38,84.944
2026-05-11 19:15:00+00:00,NEM,19969.38,85.756
2026-05-11 19:20:00+00:00,NEM,20091.43,85.82
2026-05-11 19:25:00+00:00,NEM,20194.54,88.376
2026-05-11 19:30:00+00:00,NEM,20316.8,86.154
2026-05-11 19:35:00+00:00,NEM,20334.12,87.908
2026-05-11 19:40:00+00:00,NEM,20599.18,87.96
2026-05-11 19:45:00+00:00,NEM,20626.59,84.21
2026-05-11 19:50:00+00:00,NEM,20793.62,85.884
2026-05-11 19:55:00+00:00,NEM,20978.66,87.228
2026-05-11 20:00:00+00:00,NEM,21208.63,91.576
2026-05-11 20:05:00+00:00,NEM,21455.41,80.394
2026-05-11 20:10:00+00:00,NEM,21786.97,98.272
2026-05-11 20:15:00+00:00,NEM,21995.56,92.616
2026-05-11 20:20:00+00:00,NEM,22240.75,103.304
2026-05-11 20:25:00+00:00,NEM,22317.5,87.666
2026-05-11 20:30:00+00:00,NEM,22712.72,104.724
2026-05-11 20:35:00+00:00,NEM,22800.82,86.842
2026-05-11 20:40:00+00:00,NEM,23314.24,107.6
2026-05-11 20:45:00+00:00,NEM,23360.86,90.508
2026-05-11 20:50:00+00:00,NEM,23655.18,98.786
2026-05-11 20:55:00+00:00,NEM,23770.44,102.04
2026-05-11 21:00:00+00:00,NEM,23923.65,106.746
2026-05-11 21:05:00+00:00,NEM,23896.58,110.608
2026-05-11 21:10:00+00:00,NEM,24185.56,103.384
2026-05-11 21:15:00+00:00,NEM,24306.4,107.728
2026-05-11 21:20:00+00:00,NEM,24428.36,104.146
2026-05-11 21:25:00+00:00,NEM,24560.89,105.336
2026-05-11 21:30:00+00:00,NEM,24334.05,100.45
2026-05-11 21:35:00+00:00,NEM,24498.15,101.454
2026-05-11 21:40:00+00:00,NEM,24479.38,109.878
2026-05-11 21:45:00+00:00,NEM,24336.97,104.986
2026-05-11 21:50:00+00:00,NEM,24047.0,105.744
2026-05-11 21:55:00+00:00,NEM,23810.75,91.188
2026-05-11 22:00:00+00:00,NEM,23663.58,63.556
2026-05-11 22:05:00+00:00,NEM,23846.04,83.606
2026-05-11 22:10:00+00:00,NEM,23640.35,78.04
2026-05-11 22:15:00+00:00,NEM,23404.87,74.76
2026-05-11 22:20:00+00:00,NEM,23280.66,71.698
2026-05-11 22:25:00+00:00,NEM,23119.7,73.084
2026-05-11 22:30:00+00:00,NEM,22968.37,72.364
2026-05-11 22:35:00+00:00,NEM,22698.17,61.766
2026-05-11 22:40:00+00:00,NEM,22672.67,67.236
2026-05-11 22:45:00+00:00,NEM,22318.74,70.312
2026-05-11 22:50:00+00:00,NEM,22340.53,65.396
2026-05-11 22:55:00+00:00,NEM,22264.25,53.058
2026-05-11 23:00:00+00:00,NEM,22075.82,64.222
2026-05-11 23:05:00+00:00,NEM,21933.4,71.256
2026-05-11 23:10:00+00:00,NEM,21846.63,68.014
2026-05-11 23:15:00+00:00,NEM,21888.3,59.448
2026-05-11 23:20:00+00:00,NEM,21779.87,65.932
2026-05-11 23:25:00+00:00,NEM,21543.0,56.086
2026-05-11 23:30:00+00:00,NEM,21473.17,52.012
2026-05-11 23:35:00+00:00,NEM,21366.98,59.64
2026-05-11 23:40:00+00:00,NEM,21254.18,64.426
2026-05-11 23:45:00+00:00,NEM,20993.81,65.586
2026-05-11 23:50:00+00:00,NEM,20847.64,58.688
2026-05-11 23:55:00+00:00,NEM,20678.25,65.462
2026-05-12 00:00:00+00:00,NEM,20574.49,50.864
2026-05-12 00:05:00+00:00,NEM,20312.56,62.142
2026-05-12 00:10:00+00:00,NEM,20218.81,56.91
2026-05-12 00:15:00+00:00,NEM,20175.63,63.122
2026-05-12 00:20:00+00:00,NEM,19977.89,71.756
2026-05-12 00:25:00+00:00,NEM,19925.05,61.92
2026-05-12 00:30:00+00:00,NEM,19845.33,82.73
2026-05-12 00:35:00+00:00,NEM,19562.39,76.576
2026-05-12 00:40:00+00:00,NEM,19515.38,73.34
2026-05-12 00:45:00+00:00,NEM,19503.3,73.542
2026-05-12 00:50:00+00:00,NEM,19424.24,95.45
2026-05-12 00:55:00+00:00,NEM,19210.66,61.3
2026-05-12 01:00:00+00:00,NEM,19122.18,83.596
2026-05-12 01:05:00+00:00,NEM,19022.09,74.384
2026-05-12 01:10:00+00:00,NEM,19278.55,77.872
2026-05-12 01:15:00+00:00,NEM,19264.37,95.608
2026-05-12 01:20:00+00:00,NEM,19019.04,75.964
2026-05-12 01:25:00+00:00,NEM,19100.41,93.974
2026-05-12 01:30:00+00:00,NEM,19060.03,72.624
2026-05-12 01:35:00+00:00,NEM,19031.75,84.046
2026-05-12 01:40:00+00:00,NEM,19202.09,75.898
2026-05-12 01:45:00+00:00,NEM,19107.7,88.074
2026-05-12 01:50:00+00:00,NEM,18955.84,75.912
2026-05-12 01:55:00+00:00,NEM,18933.88,81.358
2026-05-12 02:00:00+00:00,NEM,18920.78,75.636
2026-05-12 02:05:00+00:00,NEM,18852.48,71.188
2026-05-12 02:10:00+00:00,NEM,19019.28,69.548
2026-05-12 02:15:00+00:00,NEM,19112.5,78.33
2026-05-12 02:20:00+00:00,NEM,18992.64,78.384
2026-05-12 02:25:00+00:00,NEM,18896.77,75.706
2026-05-12 02:30:00+00:00,NEM,18956.63,72.856
2026-05-12 02:35:00+00:00,NEM,18599.62,70.134
2026-05-12 02:40:00+00:00,NEM,18728.03,68.012
2026-05-12 02:45:00+00:00,NEM,18732.54,76.062
2026-05-12 02:50:00+00:00,NEM,18508.13,70.122
2026-05-12 02:55:00+00:00,NEM,18700.1,67.258
2026-05-12 03:00:00+00:00,NEM,18542.33,68.44
2026-05-12 03:05:00+00:00,NEM,18461.05,66.848
2026-05-12 03:10:00+00:00,NEM,18449.77,67.758
2026-05-12 03:15:00+00:00,NEM,18566.48,67.606
2026-05-12 03:20:00+00:00,NEM,18512.93,67.148
2026-05-12 03:25:00+00:00,NEM,18546.59,65.818
2026-05-12 03:30:00+00:00,NEM,18543.01,63.63
2026-05-12 03:35:00+00:00,NEM,18513.74,69.348
2026-05-12 03:40:00+00:00,NEM,18582.52,68.608
2026-05-12 03:45:00+00:00,NEM,18564.98,63.058
2026-05-12 03:50:00+00:00,NEM,18755.87,70.51
2026-05-12 03:55:00+00:00,NEM,18773.45,68.854
2026-05-12 04:00:00+00:00,NEM,18863.6,66.512
2026-05-12 04:05:00+00:00,NEM,18993.61,60.988
2026-05-12 04:10:00+00:00,NEM,19054.67,61.22
2026-05-12 04:15:00+00:00,NEM,19121.14,68.588
2026-05-12 04:20:00+00:00,NEM,19185.89,61.03
2026-05-12 04:25:00+00:00,NEM,19153.15,58.434
2026-05-12 04:30:00+00:00,NEM,19283.36,48.284
2026-05-12 04:35:00+00:00,NEM,19500.4,57.138
2026-05-12 04:40:00+00:00,NEM,19542.84,54.056
2026-05-12 04:45:00+00:00,NEM,19657.6,57.678
2026-05-12 04:50:00+00:00,NEM,19730.3,69.528
2026-05-12 04:55:00+00:00,NEM,19916.12,67.008
2026-05-12 05:00:00+00:00,NEM,20024.8,56.98
2026-05-12 05:05:00+00:00,NEM,20203.72,78.044
2026-05-12 05:10:00+00:00,NEM,20395.46,87.51
2026-05-12 05:15:00+00:00,NEM,20598.28,83.656
2026-05-12 05:20:00+00:00,NEM,20754.89,75.77
2026-05-12 05:25:00+00:00,NEM,20913.98,77.756
2026-05-12 05:30:00+00:00,NEM,21100.28,70.322
2026-05-12 05:35:00+00:00,NEM,21242.98,56.336
2026-05-12 05:40:00+00:00,NEM,21598.81,82.526
2026-05-12 05:45:00+00:00,NEM,21680.61,88.95
2026-05-12 05:50:00+00:00,NEM,21961.76,113.662
2026-05-12 05:55:00+00:00,NEM,22148.62,105.65
2026-05-12 06:00:00+00:00,NEM,22279.76,82.82
2026-05-12 06:05:00+00:00,NEM,22651.73,82.714
2026-05-12 06:10:00+00:00,NEM,22953.06,112.644
2026-05-12 06:15:00+00:00,NEM,22948.66,87.188
2026-05-12 06:20:00+00:00,NEM,23323.46,95.57
2026-05-12 06:25:00+00:00,NEM,23416.45,105.212
2026-05-12 06:30:00+00:00,NEM,23592.07,91.946
2026-05-12 06:35:00+00:00,NEM,23883.61,92.436
2026-05-12 06:40:00+00:00,NEM,24200.18,93.44
2026-05-12 06:45:00+00:00,NEM,24494.78,92.632
2026-05-12 06:50:00+00:00,NEM,24635.47,93.876
2026-05-12 06:55:00+00:00,NEM,24789.09,95.828
2026-05-12 07:00:00+00:00,NEM,25142.14,96.502
2026-05-12 07:05:00+00:00,NEM,25381.1,90.106
2026-05-12 07:10:00+00:00,NEM,25345.84,90.946
2026-05-12 07:15:00+00:00,NEM,25484.55,89.482
2026-05-12 07:20:00+00:00,NEM,25774.24,91.644
2026-05-12 07:25:00+00:00,NEM,26106.61,98.626
2026-05-12 07:30:00+00:00,NEM,26186.18,96.35
2026-05-12 07:35:00+00:00,NEM,26400.82,95.866
2026-05-12 07:40:00+00:00,NEM,26476.87,90.504
2026-05-12 07:45:00+00:00,NEM,26666.94,100.516
2026-05-12 07:50:00+00:00,NEM,26778.96,102.634
2026-05-12 07:55:00+00:00,NEM,26771.69,92.768
2026-05-12 08:00:00+00:00,NEM,26883.28,90.678
2026-05-12 08:05:00+00:00,NEM,26807.88,97.122
2026-05-12 08:10:00+00:00,NEM,26643.59,92.386
2026-05-12 08:15:00+00:00,NEM,26634.98,93.346
2026-05-12 08:20:00+00:00,NEM,26783.28,97.654
2026-05-12 08:25:00+00:00,NEM,26524.88,96.948
2026-05-12 08:30:00+00:00,NEM,26583.76,93.682
2026-05-12 08:35:00+00:00,NEM,26610.44,96.374
2026-05-12 08:40:00+00:00,NEM,26412.77,91.97
2026-05-12 08:45:00+00:00,NEM,26470.51,91.42
2026-05-12 08:50:00+00:00,NEM,26421.65,94.268
2026-05-12 08:55:00+00:00,NEM,26238.59,85.544
2026-05-12 09:00:00+00:00,NEM,26190.88,85.684
2026-05-12 09:05:00+00:00,NEM,26107.47,86.876
2026-05-12 09:10:00+00:00,NEM,26022.69,83.436
2026-05-12 09:15:00+00:00,NEM,25873.11,83.436
2026-05-12 09:20:00+00:00,NEM,25826.23,82.918
2026-05-12 09:25:00+00:00,NEM,25759.07,81.038
2026-05-12 09:30:00+00:00,NEM,25667.72,80.318
2026-05-12 09:35:00+00:00,NEM,25600.87,85.042
2026-05-12 09:40:00+00:00,NEM,25493.98,83.842
2026-05-12 09:45:00+00:00,NEM,25474.85,81.598
2026-05-12 09:50:00+00:00,NEM,25330.25,77.608
2026-05-12 09:55:00+00:00,NEM,25241.48,78.118
2026-05-12 10:00:00+00:00,NEM,25121.68,77.316
2026-05-12 10:05:00+00:00,NEM,24977.09,79.504
2026-05-12 10:10:00+00:00,NEM,25014.6,83.676
2026-05-12 10:15:00+00:00,NEM,25005.47,84.31
2026-05-12 10:20:00+00:00,NEM,24802.87,81.912
2026-05-12 10:25:00+00:00,NEM,24705.78,80.12
2026-05-12 10:30:00+00:00,NEM,24695.95,79.818
2026-05-12 10:35:00+00:00,NEM,24564.67,84.29
2026-05-12 10:40:00+00:00,NEM,24617.26,79.946
2026-05-12 10:45:00+00:00,NEM,24393.59,77.414
2026-05-12 10:50:00+00:00,NEM,24373.92,80.046
2026-05-12 10:55:00+00:00,NEM,24272.07,82.146
2026-05-12 11:00:00+00:00,NEM,24247.52,80.728
2026-05-12 11:05:00+00:00,NEM,24096.11,80.702
2026-05-12 11:10:00+00:00,NEM,24028.91,78.87
2026-05-12 11:15:00+00:00,NEM,23959.75,78.482
2026-05-12 11:20:00+00:00,NEM,23801.7,78.33
2026-05-12 11:25:00+00:00,NEM,23763.07,76.942
2026-05-12 11:30:00+00:00,NEM,23632.44,66.746
2026-05-12 11:35:00+00:00,NEM,23410.61,78.62
2026-05-12 11:40:00+00:00,NEM,23449.3,81.986
2026-05-12 11:45:00+00:00,NEM,23317.74,80.746
2026-05-12 11:50:00+00:00,NEM,23101.17,65.678
2026-05-12 11:55:00+00:00,NEM,23087.91,76.802
2026-05-12 12:00:00+00:00,NEM,22922.71,73.674
2026-05-12 12:05:00+00:00,NEM,22627.48,74.906
2026-05-12 12:10:00+00:00,NEM,22719.35,78.446
2026-05-12 12:15:00+00:00,NEM,22626.53,78.442
2026-05-12 12:20:00+00:00,NEM,22589.5,80.612
2026-05-12 12:25:00+00:00,NEM,22431.77,76.8
2026-05-12 12:30:00+00:00,NEM,22349.41,77.394
2026-05-12 12:35:00+00:00,NEM,22133.19,71.26
2026-05-12 12:40:00+00:00,NEM,22119.91,77.4
2026-05-12 12:45:00+00:00,NEM,21910.05,77.022
2026-05-12 12:50:00+00:00,NEM,21806.68,76.36
2026-05-12 12:55:00+00:00,NEM,21634.33,72.402
2026-05-12 13:00:00+00:00,NEM,21510.91,72.46
2026-05-12 13:05:00+00:00,NEM,21471.08,76.862
2026-05-12 13:10:00+00:00,NEM,21550.63,77.424
2026-05-12 13:15:00+00:00,NEM,21608.78,79.212
2026-05-12 13:20:00+00:00,NEM,21432.62,77.508
2026-05-12 13:25:00+00:00,NEM,21304.02,77.206
2026-05-12 13:30:00+00:00,NEM,21330.08,76.97
2026-05-12 13:35:00+00:00,NEM,21278.56,77.49
2026-05-12 13:40:00+00:00,NEM,21292.17,77.682
2026-05-12 13:45:00+00:00,NEM,21158.47,77.13
2026-05-12 13:50:00+00:00,NEM,20946.46,73.786
2026-05-12 13:55:00+00:00,NEM,20916.99,77.572
2026-05-12 14:00:00+00:00,NEM,20882.46,76.982
2026-05-12 14:05:00+00:00,NEM,20659.68,73.174
2026-05-12 14:10:00+00:00,NEM,20778.34,77.078
2026-05-12 14:15:00+00:00,NEM,20771.71,77.314
2026-05-12 14:20:00+00:00,NEM,20793.81,79.96
2026-05-12 14:25:00+00:00,NEM,20770.02,76.674
2026-05-12 14:30:00+00:00,NEM,20696.11,76.214
2026-05-12 14:35:00+00:00,NEM,20623.92,75.718
2026-05-12 14:40:00+00:00,NEM,20476.11,74.41
2026-05-12 14:45:00+00:00,NEM,20385.59,74.38
2026-05-12 14:50:00+00:00,NEM,20283.13,75.878
2026-05-12 14:55:00+00:00,NEM,20200.98,76.752
2026-05-12 15:00:00+00:00,NEM,20078.83,74.474
2026-05-12 15:05:00+00:00,NEM,20000.29,75.212
2026-05-12 15:10:00+00:00,NEM,20017.4,78.364
2026-05-12 15:15:00+00:00,NEM,19933.72,78.02
2026-05-12 15:20:00+00:00,NEM,19854.86,74.336
2026-05-12 15:25:00+00:00,NEM,19729.16,74.936
2026-05-12 15:30:00+00:00,NEM,19658.6,72.752
2026-05-12 15:35:00+00:00,NEM,19674.24,73.358
2026-05-12 15:40:00+00:00,NEM,19545.33,73.806
2026-05-12 15:45:00+00:00,NEM,19376.77,76.386
2026-05-12 15:50:00+00:00,NEM,19408.84,77.454
2026-05-12 15:55:00+00:00,NEM,19337.27,76.16
2026-05-12 16:00:00+00:00,NEM,19370.0,77.91
2026-05-12 16:05:00+00:00,NEM,19212.51,76.226
2026-05-12 16:10:00+00:00,NEM,19250.28,76.356
2026-05-12 16:15:00+00:00,NEM,19117.28,76.472
2026-05-12 16:20:00+00:00,NEM,19081.37,76.674
2026-05-12 16:25:00+00:00,NEM,19008.18,77.114
2026-05-12 16:30:00+00:00,NEM,18929.3,69.674
2026-05-12 16:35:00+00:00,NEM,18979.13,76.932
2026-05-12 16:40:00+00:00,NEM,18912.25,72.116
2026-05-12 16:45:00+00:00,NEM,18790.33,75.748
2026-05-12 16:50:00+00:00,NEM,18827.8,71.194
2026-05-12 16:55:00+00:00,NEM,18705.22,75.916
2026-05-12 17:00:00+00:00,NEM,18683.55,51.412
2026-05-12 17:05:00+00:00,NEM,18717.38,71.53
2026-05-12 17:10:00+00:00,NEM,18687.19,72.096
2026-05-12 17:15:00+00:00,NEM,18649.55,59.57
2026-05-12 17:20:00+00:00,NEM,18647.39,72.628
2026-05-12 17:25:00+00:00,NEM,18636.8,71.738
2026-05-12 17:30:00+00:00,NEM,18612.21,61.408
2026-05-12 17:35:00+00:00,NEM,18654.64,71.116
2026-05-12 17:40:00+00:00,NEM,18622.08,71.098
2026-05-12 17:45:00+00:00,NEM,18633.46,76.786
2026-05-12 17:50:00+00:00,NEM,18662.83,74.672
2026-05-12 17:55:00+00:00,NEM,18664.76,70.966
2026-05-12 18:00:00+00:00,NEM,18657.67,70.84
2026-05-12 18:05:00+00:00,NEM,18684.74,70.804
2026-05-12 18:10:00+00:00,NEM,18655.76,69.872
2026-05-12 18:15:00+00:00,NEM,18704.83,71.89
2026-05-12 18:20:00+00:00,NEM,18803.95,76.09
2026-05-12 18:25:00+00:00,NEM,18818.75,70.814
2026-05-12 18:30:00+00:00,NEM,18867.23,75.114
2026-05-12 18:35:00+00:00,NEM,18855.7,76.156
2026-05-12 18:40:00+00:00,NEM,18968.74,76.378
2026-05-12 18:45:00+00:00,NEM,19043.64,75.69
2026-05-12 18:50:00+00:00,NEM,19091.3,75.702
2026-05-12 18:55:00+00:00,NEM,19182.43,75.646
2026-05-12 19:00:00+00:00,NEM,19267.44,77.244
2026-05-12 19:05:00+00:00,NEM,19348.85,75.486
2026-05-12 19:10:00+00:00,NEM,19561.3,76.974
2026-05-12 19:15:00+00:00,NEM,19727.92,77.644
2026-05-12 19:20:00+00:00,NEM,19816.44,79.312
2026-05-12 19:25:00+00:00,NEM,19905.28,79.196
2026-05-12 19:30:00+00:00,NEM,19981.33,79.458
2026-05-12 19:35:00+00:00,NEM,20155.73,77.502
2026-05-12 19:40:00+00:00,NEM,20221.43,78.566
2026-05-12 19:45:00+00:00,NEM,20410.17,81.944
2026-05-12 19:50:00+00:00,NEM,20523.12,88.014
2026-05-12 19:55:00+00:00,NEM,20695.33,88.584
2026-05-12 20:00:00+00:00,NEM,20817.69,87.302
2026-05-12 20:05:00+00:00,NEM,21132.09,78.574
2026-05-12 20:10:00+00:00,NEM,21456.56,82.772
2026-05-12 20:15:00+00:00,NEM,21742.68,88.32
2026-05-12 20:20:00+00:00,NEM,21926.88,88.618
2026-05-12 20:25:00+00:00,NEM,22216.38,88.954
2026-05-12 20:30:00+00:00,NEM,22320.8,92.526
2026-05-12 20:35:00+00:00,NEM,22630.45,88.586
2026-05-12 20:40:00+00:00,NEM,22927.88,88.83
2026-05-12 20:45:00+00:00,NEM,23160.08,89.672
2026-05-12 20:50:00+00:00,NEM,23313.84,104.314
2026-05-12 20:55:00+00:00,NEM,23401.31,106.744
2026-05-12 21:00:00+00:00,NEM,23569.85,105.95
2026-05-12 21:05:00+00:00,NEM,23768.65,109.682
2026-05-12 21:10:00+00:00,NEM,23885.98,106.164
2026-05-12 21:15:00+00:00,NEM,23998.59,112.66
2026-05-12 21:20:00+00:00,NEM,24098.61,103.878
2026-05-12 21:25:00+00:00,NEM,24248.71,103.374
2026-05-12 21:30:00+00:00,NEM,24264.63,102.936
2026-05-12 21:35:00+00:00,NEM,24327.09,96.866
2026-05-12 21:40:00+00:00,NEM,24370.91,96.482
2026-05-12 21:45:00+00:00,NEM,24310.32,100.87
2026-05-12 21:50:00+00:00,NEM,24134.58,86.48
2026-05-12 21:55:00+00:00,NEM,24128.28,83.766
2026-05-12 22:00:00+00:00,NEM,23866.77,77.578
2026-05-12 22:05:00+00:00,NEM,23651.95,71.82
2026-05-12 22:10:00+00:00,NEM,23565.4,69.518
2026-05-12 22:15:00+00:00,NEM,23363.18,77.214
2026-05-12 22:20:00+00:00,NEM,23180.37,69.044
2026-05-12 22:25:00+00:00,NEM,23009.85,69.046
2026-05-12 22:30:00+00:00,NEM,22843.68,67.026
2026-05-12 22:35:00+00:00,NEM,22620.69,67.372
2026-05-12 22:40:00+00:00,NEM,22538.25,67.878
2026-05-12 22:45:00+00:00,NEM,22428.69,62.656
2026-05-12 22:50:00+00:00,NEM,22178.38,72.474
2026-05-12 22:55:00+00:00,NEM,21982.15,61.382
2026-05-12 23:00:00+00:00,NEM,21879.1,66.51
2026-05-12 23:05:00+00:00,NEM,21825.9,60.276
2026-05-12 23:10:00+00:00,NEM,21784.76,59.972
2026-05-12 23:15:00+00:00,NEM,21656.65,67.748
2026-05-12 23:20:00+00:00,NEM,21548.53,63.408
2026-05-12 23:25:00+00:00,NEM,21287.84,57.506
2026-05-12 23:30:00+00:00,NEM,21231.89,54.846
2026-05-12 23:35:00+00:00,NEM,21083.01,68.304
2026-05-12 23:40:00+00:00,NEM,20989.39,77.204
2026-05-12 23:45:00+00:00,NEM,20906.7,61.382
2026-05-12 23:50:00+00:00,NEM,20809.61,59.412
2026-05-12 23:55:00+00:00,NEM,20831.58,57.17
2026-05-13 00:00:00+00:00,NEM,20604.82,47.224
2026-05-13 00:05:00+00:00,NEM,20324.49,52.052
2026-05-13 00:10:00+00:00,NEM,20343.74,52.69
2026-05-13 00:15:00+00:00,NEM,20183.95,51.884
2026-05-13 00:20:00+00:00,NEM,20236.93,58.952
2026-05-13 00:25:00+00:00,NEM,20118.45,59.148
2026-05-13 00:30:00+00:00,NEM,19865.46,52.476
2026-05-13 00:35:00+00:00,NEM,19780.01,49.858
2026-05-13 00:40:00+00:00,NEM,19769.52,47.136
2026-05-13 00:45:00+00:00,NEM,19707.98,43.87
2026-05-13 00:50:00+00:00,NEM,19608.57,68.126
2026-05-13 00:55:00+00:00,NEM,19455.11,43.57
2026-05-13 01:00:00+00:00,NEM,19280.23,46.236
2026-05-13 01:05:00+00:00,NEM,19260.72,61.812
2026-05-13 01:10:00+00:00,NEM,19340.81,52.572
2026-05-13 01:15:00+00:00,NEM,19197.15,49.578
2026-05-13 01:20:00+00:00,NEM,19004.93,44.38
2026-05-13 01:25:00+00:00,NEM,18997.6,55.91
2026-05-13 01:30:00+00:00,NEM,18893.13,43.672
2026-05-13 01:35:00+00:00,NEM,18848.96,54.202
2026-05-13 01:40:00+00:00,NEM,18915.38,49.614
2026-05-13 01:45:00+00:00,NEM,18792.45,53.664
2026-05-13 01:50:00+00:00,NEM,18766.64,46.876
2026-05-13 01:55:00+00:00,NEM,18799.42,58.144
2026-05-13 02:00:00+00:00,NEM,18684.99,57.496
2026-05-13 02:05:00+00:00,NEM,18472.44,46.54
2026-05-13 02:10:00+00:00,NEM,18427.92,46.362
2026-05-13 02:15:00+00:00,NEM,18414.97,47.342
2026-05-13 02:20:00+00:00,NEM,18314.6,51.11
2026-05-13 02:25:00+00:00,NEM,18298.75,41.082
2026-05-13 02:30:00+00:00,NEM,18052.71,52.474
2026-05-13 02:35:00+00:00,NEM,17856.0,53.312
2026-05-13 02:40:00+00:00,NEM,17872.08,42.896
2026-05-13 02:45:00+00:00,NEM,17834.94,38.53
2026-05-13 02:50:00+00:00,NEM,17904.58,39.738
2026-05-13 02:55:00+00:00,NEM,17885.83,44.486
2026-05-13 03:00:00+00:00,NEM,17825.28,50.414
2026-05-13 03:05:00+00:00,NEM,17818.72,52.448
2026-05-13 03:10:00+00:00,NEM,17932.53,56.082
2026-05-13 03:15:00+00:00,NEM,17950.61,57.482
2026-05-13 03:20:00+00:00,NEM,18044.74,52.688
2026-05-13 03:25:00+00:00,NEM,18099.69,56.666
2026-05-13 03:30:00+00:00,NEM,18213.15,52.49
2026-05-13 03:35:00+00:00,NEM,18252.76,50.372
2026-05-13 03:40:00+00:00,NEM,18375.52,52.076
2026-05-13 03:45:00+00:00,NEM,18464.7,54.304
2026-05-13 03:50:00+00:00,NEM,18589.08,52.028
2026-05-13 03:55:00+00:00,NEM,18658.67,49.932
2026-05-13 04:00:00+00:00,NEM,18760.19,52.526
2026-05-13 04:05:00+00:00,NEM,18875.87,53.962
2026-05-13 04:10:00+00:00,NEM,18846.5,49.56
2026-05-13 04:15:00+00:00,NEM,18999.73,53.054
2026-05-13 04:20:00+00:00,NEM,19064.62,58.998
2026-05-13 04:25:00+00:00,NEM,19189.78,56.06
2026-05-13 04:30:00+00:00,NEM,19354.48,68.018
2026-05-13 04:35:00+00:00,NEM,19517.0,58.618
2026-05-13 04:40:00+00:00,NEM,19690.15,67.904
2026-05-13 04:45:00+00:00,NEM,19740.89,63.816
2026-05-13 04:50:00+00:00,NEM,19974.44,68.942
2026-05-13 04:55:00+00:00,NEM,20043.04,60.342
2026-05-13 05:00:00+00:00,NEM,20263.66,74.564
2026-05-13 05:05:00+00:00,NEM,20443.65,54.718
2026-05-13 05:10:00+00:00,NEM,20471.87,70.258
2026-05-13 05:15:00+00:00,NEM,20712.19,52.684
2026-05-13 05:20:00+00:00,NEM,20891.44,64.158
2026-05-13 05:25:00+00:00,NEM,21163.43,51.168
2026-05-13 05:30:00+00:00,NEM,21385.17,78.84
2026-05-13 05:35:00+00:00,NEM,21531.98,85.286
2026-05-13 05:40:00+00:00,NEM,21796.58,87.192
2026-05-13 05:45:00+00:00,NEM,22058.58,87.07
2026-05-13 05:50:00+00:00,NEM,22238.06,97.27
2026-05-13 05:55:00+00:00,NEM,22367.78,94.486
2026-05-13 06:00:00+00:00,NEM,22446.57,93.51
2026-05-13 06:05:00+00:00,NEM,22685.63,81.042
2026-05-13 06:10:00+00:00,NEM,22909.19,78.314
2026-05-13 06:15:00+00:00,NEM,23170.26,91.568
2026-05-13 06:20:00+00:00,NEM,23412.9,105.49
2026-05-13 06:25:00+00:00,NEM,23570.9,105.08
2026-05-13 06:30:00+00:00,NEM,23794.32,93.15
2026-05-13 06:35:00+00:00,NEM,24188.4,90.366
2026-05-13 06:40:00+00:00,NEM,24271.03,93.484
2026-05-13 06:45:00+00:00,NEM,24476.12,93.898
2026-05-13 06:50:00+00:00,NEM,24664.53,95.958
2026-05-13 06:55:00+00:00,NEM,25078.98,101.602
2026-05-13 07:00:00+00:00,NEM,25208.27,104.05
2026-05-13 07:05:00+00:00,NEM,25322.89,92.556
2026-05-13 07:10:00+00:00,NEM,25321.54,91.44
2026-05-13 07:15:00+00:00,NEM,25594.88,92.846
2026-05-13 07:20:00+00:00,NEM,25941.29,94.818
2026-05-13 07:25:00+00:00,NEM,26101.23,94.946
2026-05-13 07:30:00+00:00,NEM,26287.21,102.516
2026-05-13 07:35:00+00:00,NEM,26434.73,94.838
2026-05-13 07:40:00+00:00,NEM,26656.06,95.046
2026-05-13 07:45:00+00:00,NEM,26769.43,103.894
2026-05-13 07:50:00+00:00,NEM,26766.11,101.312
2026-05-13 07:55:00+00:00,NEM,26771.01,95.398
2026-05-13 08:00:00+00:00,NEM,26955.54,96.588
2026-05-13 08:05:00+00:00,NEM,26956.32,105.184
2026-05-13 08:10:00+00:00,NEM,26616.73,97.818
2026-05-13 08:15:00+00:00,NEM,26555.5,95.316
2026-05-13 08:20:00+00:00,NEM,26686.52,95.616
2026-05-13 08:25:00+00:00,NEM,26703.79,100.078
2026-05-13 08:30:00+00:00,NEM,26668.04,97.688
2026-05-13 08:35:00+00:00,NEM,26580.53,94.29
2026-05-13 08:40:00+00:00,NEM,26630.2,95.404
2026-05-13 08:45:00+00:00,NEM,26443.56,91.65
2026-05-13 08:50:00+00:00,NEM,26388.92,94.088
2026-05-13 08:55:00+00:00,NEM,26399.67,91.814
2026-05-13 09:00:00+00:00,NEM,26250.78,94.066
2026-05-13 09:05:00+00:00,NEM,26187.05,93.916
2026-05-13 09:10:00+00:00,NEM,26053.91,90.428
2026-05-13 09:15:00+00:00,NEM,25929.94,90.334
2026-05-13 09:20:00+00:00,NEM,25845.52,89.682
2026-05-13 09:25:00+00:00,NEM,25823.34,90.146
2026-05-13 09:30:00+00:00,NEM,25703.04,89.426
2026-05-13 09:35:00+00:00,NEM,25752.91,90.312
2026-05-13 09:40:00+00:00,NEM,25599.99,90.046
2026-05-13 09:45:00+00:00,NEM,25560.82,89.22
2026-05-13 09:50:00+00:00,NEM,25514.14,89.178
2026-05-13 09:55:00+00:00,NEM,25477.79,84.082
2026-05-13 10:00:00+00:00,NEM,25378.08,80.644
2026-05-13 10:05:00+00:00,NEM,25149.68,82.59
2026-05-13 10:10:00+00:00,NEM,25032.59,81.13
2026-05-13 10:15:00+00:00,NEM,25060.85,82.502
2026-05-13 10:20:00+00:00,NEM,24883.85,80.678
2026-05-13 10:25:00+00:00,NEM,24799.16,80.392
2026-05-13 10:30:00+00:00,NEM,24777.23,81.318
2026-05-13 10:35:00+00:00,NEM,24687.57,89.588
2026-05-13 10:40:00+00:00,NEM,24742.94,83.744
2026-05-13 10:45:00+00:00,NEM,24570.4,78.45
2026-05-13 10:50:00+00:00,NEM,24520.46,79.608
2026-05-13 10:55:00+00:00,NEM,24485.02,79.776
2026-05-13 11:00:00+00:00,NEM,24324.99,78.818
2026-05-13 11:05:00+00:00,NEM,24136.36,93.882
2026-05-13 11:10:00+00:00,NEM,24197.9,94.224
2026-05-13 11:15:00+00:00,NEM,24139.22,90.524
2026-05-13 11:20:00+00:00,NEM,23992.78,83.932
2026-05-13 11:25:00+00:00,NEM,23991.17,83.122
2026-05-13 11:30:00+00:00,NEM,23782.95,80.058
2026-05-13 11:35:00+00:00,NEM,23608.47,84.344
2026-05-13 11:40:00+00:00,NEM,23632.54,85.252
2026-05-13 11:45:00+00:00,NEM,23416.82,80.924
2026-05-13 11:50:00+00:00,NEM,23172.1,79.144
2026-05-13 11:55:00+00:00,NEM,23137.86,79.496
2026-05-13 12:00:00+00:00,NEM,23015.16,77.57
2026-05-13 12:05:00+00:00,NEM,22695.57,76.294
2026-05-13 12:10:00+00:00,NEM,22898.01,86.208
2026-05-13 12:15:00+00:00,NEM,22846.49,79.44
2026-05-13 12:20:00+00:00,NEM,22599.97,77.49
2026-05-13 12:25:00+00:00,NEM,22398.27,63.436
2026-05-13 12:30:00+00:00,NEM,22204.49,69.574
2026-05-13 12:35:00+00:00,NEM,22181.0,74.478
2026-05-13 12:40:00+00:00,NEM,22065.78,74.456
2026-05-13 12:45:00+00:00,NEM,21917.78,68.79
2026-05-13 12:50:00+00:00,NEM,21924.27,74.582
2026-05-13 12:55:00+00:00,NEM,21730.37,74.324
2026-05-13 13:00:00+00:00,NEM,21659.44,72.108
2026-05-13 13:05:00+00:00,NEM,21640.15,74.094
2026-05-13 13:10:00+00:00,NEM,21591.62,71.63
2026-05-13 13:15:00+00:00,NEM,21568.26,59.206
2026-05-13 13:20:00+00:00,NEM,21433.63,76.288
2026-05-13 13:25:00+00:00,NEM,21379.2,59.388
2026-05-13 13:30:00+00:00,NEM,21523.92,72.53
2026-05-13 13:35:00+00:00,NEM,21455.41,73.0
2026-05-13 13:40:00+00:00,NEM,21393.08,66.406
2026-05-13 13:45:00+00:00,NEM,21292.85,67.732
2026-05-13 13:50:00+00:00,NEM,21250.26,68.018
2026-05-13 13:55:00+00:00,NEM,21076.4,59.474
2026-05-13 14:00:00+00:00,NEM,21025.53,59.936
2026-05-13 14:05:00+00:00,NEM,20844.66,59.098
2026-05-13 14:10:00+00:00,NEM,20888.75,66.95
2026-05-13 14:15:00+00:00,NEM,20855.38,71.638
2026-05-13 14:20:00+00:00,NEM,20733.73,67.298
2026-05-13 14:25:00+00:00,NEM,20744.37,71.614
2026-05-13 14:30:00+00:00,NEM,20689.37,72.15
2026-05-13 14:35:00+00:00,NEM,20550.21,72.706
2026-05-13 14:40:00+00:00,NEM,20432.24,72.558
2026-05-13 14:45:00+00:00,NEM,20401.35,72.306
2026-05-13 14:50:00+00:00,NEM,20300.73,71.538
2026-05-13 14:55:00+00:00,NEM,20377.92,73.564
2026-05-13 15:00:00+00:00,NEM,20297.61,73.552
2026-05-13 15:05:00+00:00,NEM,20228.0,73.722
2026-05-13 15:10:00+00:00,NEM,20148.38,73.828
2026-05-13 15:15:00+00:00,NEM,20045.58,73.868
2026-05-13 15:20:00+00:00,NEM,19987.19,74.24
2026-05-13 15:25:00+00:00,NEM,19809.95,66.956
2026-05-13 15:30:00+00:00,NEM,19650.15,72.28
2026-05-13 15:35:00+00:00,NEM,19645.1,73.708
2026-05-13 15:40:00+00:00,NEM,19629.15,74.906
2026-05-13 15:45:00+00:00,NEM,19494.6,73.26
2026-05-13 15:50:00+00:00,NEM,19524.42,74.034
2026-05-13 15:55:00+00:00,NEM,19317.11,73.576
2026-05-13 16:00:00+00:00,NEM,19291.0,73.344
2026-05-13 16:05:00+00:00,NEM,19258.89,77.43
2026-05-13 16:10:00+00:00,NEM,19274.53,74.14
2026-05-13 16:15:00+00:00,NEM,19086.34,72.974
2026-05-13 16:20:00+00:00,NEM,19125.45,74.372
2026-05-13 16:25:00+00:00,NEM,19129.66,73.11
2026-05-13 16:30:00+00:00,NEM,19017.17,62.904
2026-05-13 16:35:00+00:00,NEM,18932.79,72.244
2026-05-13 16:40:00+00:00,NEM,18890.56,72.864
2026-05-13 16:45:00+00:00,NEM,18906.86,72.368
2026-05-13 16:50:00+00:00,NEM,18884.31,76.06
2026-05-13 16:55:00+00:00,NEM,18950.55,72.464
2026-05-13 17:00:00+00:00,NEM,18820.17,66.872
2026-05-13 17:05:00+00:00,NEM,18745.7,74.886
2026-05-13 17:10:00+00:00,NEM,18832.55,72.25
2026-05-13 17:15:00+00:00,NEM,18849.08,71.866
2026-05-13 17:20:00+00:00,NEM,18882.69,74.196
2026-05-13 17:25:00+00:00,NEM,18917.83,72.936
2026-05-13 17:30:00+00:00,NEM,18776.61,58.532
2026-05-13 17:35:00+00:00,NEM,18883.19,73.73
2026-05-13 17:40:00+00:00,NEM,18907.62,72.542
2026-05-13 17:45:00+00:00,NEM,18906.49,66.808
2026-05-13 17:50:00+00:00,NEM,18852.33,74.69
2026-05-13 17:55:00+00:00,NEM,18867.64,67.634
2026-05-13 18:00:00+00:00,NEM,18954.47,72.7
2026-05-13 18:05:00+00:00,NEM,18909.24,72.942
2026-05-13 18:10:00+00:00,NEM,18961.88,73.956
2026-05-13 18:15:00+00:00,NEM,18993.32,73.418
2026-05-13 18:20:00+00:00,NEM,19042.47,73.652
2026-05-13 18:25:00+00:00,NEM,19119.61,72.858
2026-05-13 18:30:00+00:00,NEM,19142.53,73.946
2026-05-13 18:35:00+00:00,NEM,19130.1,75.11
2026-05-13 18:40:00+00:00,NEM,19241.43,74.564
2026-05-13 18:45:00+00:00,NEM,19235.53,75.192
2026-05-13 18:50:00+00:00,NEM,19222.64,74.39
2026-05-13 18:55:00+00:00,NEM,19344.73,80.71
2026-05-13 19:00:00+00:00,NEM,19501.39,84.654
2026-05-13 19:05:00+00:00,NEM,19589.33,78.834
2026-05-13 19:10:00+00:00,NEM,19721.87,82.238
2026-05-13 19:15:00+00:00,NEM,19917.5,78.808
2026-05-13 19:20:00+00:00,NEM,19982.81,78.706
2026-05-13 19:25:00+00:00,NEM,20023.42,79.064
2026-05-13 19:30:00+00:00,NEM,20074.14,78.65
2026-05-13 19:35:00+00:00,NEM,20128.81,76.972
2026-05-13 19:40:00+00:00,NEM,20379.6,80.106
2026-05-13 19:45:00+00:00,NEM,20552.94,82.57
2026-05-13 19:50:00+00:00,NEM,20752.78,83.966
2026-05-13 19:55:00+00:00,NEM,20942.3,83.068
2026-05-13 20:00:00+00:00,NEM,21028.29,83.214
2026-05-13 20:05:00+00:00,NEM,21214.54,84.922
2026-05-13 20:10:00+00:00,NEM,21546.07,85.076
2026-05-13 20:15:00+00:00,NEM,21867.37,84.86
2026-05-13 20:20:00+00:00,NEM,22008.01,85.072
2026-05-13 20:25:00+00:00,NEM,22324.36,89.14
2026-05-13 20:30:00+00:00,NEM,22596.1,93.77
2026-05-13 20:35:00+00:00,NEM,22739.46,93.694
2026-05-13 20:40:00+00:00,NEM,22933.69,93.728
2026-05-13 20:45:00+00:00,NEM,23224.71,97.896
2026-05-13 20:50:00+00:00,NEM,23375.8,106.714
2026-05-13 20:55:00+00:00,NEM,23545.55,106.328
2026-05-13 21:00:00+00:00,NEM,23795.63,116.216
2026-05-13 21:05:00+00:00,NEM,23852.63,108.22
2026-05-13 21:10:00+00:00,NEM,23910.0,107.898
2026-05-13 21:15:00+00:00,NEM,24191.32,113.384
2026-05-13 21:20:00+00:00,NEM,24326.09,148.784
2026-05-13 21:25:00+00:00,NEM,24297.58,136.356
2026-05-13 21:30:00+00:00,NEM,24407.14,189.59
2026-05-13 21:35:00+00:00,NEM,24484.5,116.034
2026-05-13 21:40:00+00:00,NEM,24308.73,159.282
2026-05-13 21:45:00+00:00,NEM,23962.48,85.93
2026-05-13 21:50:00+00:00,NEM,23815.36,76.68
2026-05-13 21:55:00+00:00,NEM,23795.11,51.254
2026-05-13 22:00:00+00:00,NEM,23726.01,43.788
2026-05-13 22:05:00+00:00,NEM,23589.98,55.938
2026-05-13 22:10:00+00:00,NEM,23458.64,47.16
2026-05-13 22:15:00+00:00,NEM,23332.53,49.84
2026-05-13 22:20:00+00:00,NEM,23013.73,37.798
2026-05-13 22:25:00+00:00,NEM,22932.64,37.588
2026-05-13 22:30:00+00:00,NEM,22744.87,49.3
2026-05-13 22:35:00+00:00,NEM,22403.84,34.34
2026-05-13 22:40:00+00:00,NEM,22464.68,37.43
2026-05-13 22:45:00+00:00,NEM,22187.29,38.384
2026-05-13 22:50:00+00:00,NEM,21873.06,35.206
2026-05-13 22:55:00+00:00,NEM,21547.78,29.886
2026-05-13 23:00:00+00:00,NEM,21552.27,35.668
2026-05-13 23:05:00+00:00,NEM,21185.75,39.762
2026-05-13 23:10:00+00:00,NEM,21229.94,45.992
2026-05-13 23:15:00+00:00,NEM,21146.04,44.676
2026-05-13 23:20:00+00:00,NEM,20812.53,39.08
2026-05-13 23:25:00+00:00,NEM,20770.97,43.788
2026-05-13 23:30:00+00:00,NEM,20657.57,35.122
2026-05-13 23:35:00+00:00,NEM,20577.54,38.996
2026-05-13 23:40:00+00:00,NEM,20512.51,34.44
2026-05-13 23:45:00+00:00,NEM,20315.18,31.584
2026-05-13 23:50:00+00:00,NEM,20328.58,32.094
2026-05-13 23:55:00+00:00,NEM,20210.2,27.48
2026-05-14 00:00:00+00:00,NEM,20003.31,24.16
2026-05-14 00:05:00+00:00,NEM,19964.35,25.636
2026-05-14 00:10:00+00:00,NEM,20051.36,35.936
2026-05-14 00:15:00+00:00,NEM,19939.66,39.13
2026-05-14 00:20:00+00:00,NEM,19799.96,34.12
2026-05-14 00:25:00+00:00,NEM,19554.77,21.674
2026-05-14 00:30:00+00:00,NEM,19580.07,28.564
2026-05-14 00:35:00+00:00,NEM,19430.75,35.488
2026-05-14 00:40:00+00:00,NEM,19248.22,33.868
2026-05-14 00:45:00+00:00,NEM,19235.57,35.612
2026-05-14 00:50:00+00:00,NEM,19182.73,37.728
2026-05-14 00:55:00+00:00,NEM,19288.6,36.452
2026-05-14 01:00:00+00:00,NEM,19306.02,36.222
2026-05-14 01:05:00+00:00,NEM,19325.0,42.342
2026-05-14 01:10:00+00:00,NEM,19490.75,45.836
2026-05-14 01:15:00+00:00,NEM,19562.81,49.754
2026-05-14 01:20:00+00:00,NEM,19444.46,47.514
2026-05-14 01:25:00+00:00,NEM,19529.3,48.452
2026-05-14 01:30:00+00:00,NEM,19510.39,49.702
2026-05-14 01:35:00+00:00,NEM,19354.05,49.078
2026-05-14 01:40:00+00:00,NEM,19476.72,59.704
2026-05-14 01:45:00+00:00,NEM,19231.6,51.66
2026-05-14 01:50:00+00:00,NEM,18990.89,49.332
2026-05-14 01:55:00+00:00,NEM,18960.49,48.37
2026-05-14 02:00:00+00:00,NEM,18964.93,56.676
2026-05-14 02:05:00+00:00,NEM,18685.63,50.71
2026-05-14 02:10:00+00:00,NEM,18756.82,50.212
2026-05-14 02:15:00+00:00,NEM,18911.47,61.868
2026-05-14 02:20:00+00:00,NEM,18756.19,64.204
2026-05-14 02:25:00+00:00,NEM,18574.48,61.776
2026-05-14 02:30:00+00:00,NEM,18582.26,61.334
2026-05-14 02:35:00+00:00,NEM,18525.12,61.722
2026-05-14 02:40:00+00:00,NEM,18448.53,64.516
2026-05-14 02:45:00+00:00,NEM,18500.33,70.272
2026-05-14 02:50:00+00:00,NEM,18480.54,68.578
2026-05-14 02:55:00+00:00,NEM,18428.08,64.562
2026-05-14 03:00:00+00:00,NEM,18450.65,65.31
2026-05-14 03:05:00+00:00,NEM,18510.48,64.706
2026-05-14 03:10:00+00:00,NEM,18599.58,70.22
2026-05-14 03:15:00+00:00,NEM,18660.62,71.734
2026-05-14 03:20:00+00:00,NEM,18578.15,72.164
2026-05-14 03:25:00+00:00,NEM,18469.07,71.906
2026-05-14 03:30:00+00:00,NEM,18371.22,69.148
2026-05-14 03:35:00+00:00,NEM,18450.87,70.97
2026-05-14 03:40:00+00:00,NEM,18597.96,75.24
2026-05-14 03:45:00+00:00,NEM,18441.91,75.118
2026-05-14 03:50:00+00:00,NEM,18589.4,73.398
2026-05-14 03:55:00+00:00,NEM,18770.3,69.504
2026-05-14 04:00:00+00:00,NEM,18981.44,92.218
2026-05-14 04:05:00+00:00,NEM,19037.38,74.436
2026-05-14 04:10:00+00:00,NEM,19134.27,75.888
2026-05-14 04:15:00+00:00,NEM,19262.02,75.908
2026-05-14 04:20:00+00:00,NEM,19381.25,76.268
2026-05-14 04:25:00+00:00,NEM,19640.49,77.968
2026-05-14 04:30:00+00:00,NEM,19708.18,76.288
2026-05-14 04:35:00+00:00,NEM,19832.27,86.842
2026-05-14 04:40:00+00:00,NEM,19967.11,83.072
2026-05-14 04:45:00+00:00,NEM,20169.28,86.47
2026-05-14 04:50:00+00:00,NEM,20244.82,86.25
2026-05-14 04:55:00+00:00,NEM,20380.97,83.814
2026-05-14 05:00:00+00:00,NEM,20473.45,90.632
2026-05-14 05:05:00+00:00,NEM,20635.84,82.104
2026-05-14 05:10:00+00:00,NEM,20876.21,84.688
2026-05-14 05:15:00+00:00,NEM,21030.12,99.612
2026-05-14 05:20:00+00:00,NEM,21257.34,96.028
2026-05-14 05:25:00+00:00,NEM,21281.27,96.552
2026-05-14 05:30:00+00:00,NEM,21482.48,99.396
2026-05-14 05:35:00+00:00,NEM,21675.52,97.896
2026-05-14 05:40:00+00:00,NEM,21833.0,99.832
2026-05-14 05:45:00+00:00,NEM,22061.04,97.85
2026-05-14 05:50:00+00:00,NEM,22262.47,106.294
2026-05-14 05:55:00+00:00,NEM,22379.78,99.862
2026-05-14 06:00:00+00:00,NEM,22618.72,102.28
2026-05-14 06:05:00+00:00,NEM,22895.65,105.5
2026-05-14 06:10:00+00:00,NEM,23044.22,103.346
2026-05-14 06:15:00+00:00,NEM,23303.59,107.464
2026-05-14 06:20:00+00:00,NEM,23584.46,109.244
2026-05-14 06:25:00+00:00,NEM,23856.59,109.178
2026-05-14 06:30:00+00:00,NEM,24051.66,113.276
2026-05-14 06:35:00+00:00,NEM,24209.15,111.808
2026-05-14 06:40:00+00:00,NEM,24435.05,120.682
2026-05-14 06:45:00+00:00,NEM,24533.79,117.062
2026-05-14 06:50:00+00:00,NEM,24736.26,117.196
2026-05-14 06:55:00+00:00,NEM,25057.24,124.604
2026-05-14 07:00:00+00:00,NEM,25236.9,128.642
2026-05-14 07:05:00+00:00,NEM,25320.99,118.284
2026-05-14 07:10:00+00:00,NEM,25432.79,114.148
2026-05-14 07:15:00+00:00,NEM,25753.72,115.354
2026-05-14 07:20:00+00:00,NEM,25939.13,116.502
2026-05-14 07:25:00+00:00,NEM,26142.88,127.052
2026-05-14 07:30:00+00:00,NEM,26290.87,131.018
2026-05-14 07:35:00+00:00,NEM,26333.16,124.124
2026-05-14 07:40:00+00:00,NEM,26508.88,124.892
2026-05-14 07:45:00+00:00,NEM,26613.54,125.232
2026-05-14 07:50:00+00:00,NEM,26738.2,132.232
2026-05-14 07:55:00+00:00,NEM,26746.47,202.592
2026-05-14 08:00:00+00:00,NEM,26414.67,143.884
2026-05-14 08:05:00+00:00,NEM,26565.18,139.54
2026-05-14 08:10:00+00:00,NEM,26670.45,128.03
2026-05-14 08:15:00+00:00,NEM,26713.04,126.042
2026-05-14 08:20:00+00:00,NEM,26514.53,136.44
2026-05-14 08:25:00+00:00,NEM,26684.44,136.888
2026-05-14 08:30:00+00:00,NEM,26679.23,143.31
2026-05-14 08:35:00+00:00,NEM,26626.81,149.768
2026-05-14 08:40:00+00:00,NEM,26376.75,141.66
2026-05-14 08:45:00+00:00,NEM,26293.84,148.078
2026-05-14 08:50:00+00:00,NEM,26173.35,191.342
2026-05-14 08:55:00+00:00,NEM,26078.08,144.584
2026-05-14 09:00:00+00:00,NEM,26138.2,166.688
2026-05-14 09:05:00+00:00,NEM,25881.24,191.164
2026-05-14 09:10:00+00:00,NEM,25802.86,137.896
2026-05-14 09:15:00+00:00,NEM,25814.49,143.75
2026-05-14 09:20:00+00:00,NEM,25633.69,125.822
2026-05-14 09:25:00+00:00,NEM,25706.17,125.948
2026-05-14 09:30:00+00:00,NEM,25666.95,124.406
2026-05-14 09:35:00+00:00,NEM,25511.54,123.25
2026-05-14 09:40:00+00:00,NEM,25487.48,125.766
2026-05-14 09:45:00+00:00,NEM,25475.17,118.256
2026-05-14 09:50:00+00:00,NEM,25385.04,123.988
2026-05-14 09:55:00+00:00,NEM,25202.03,123.326
2026-05-14 10:00:00+00:00,NEM,25230.41,117.552
2026-05-14 10:05:00+00:00,NEM,25103.86,117.706
2026-05-14 10:10:00+00:00,NEM,25168.68,113.698
2026-05-14 10:15:00+00:00,NEM,25028.23,111.948
2026-05-14 10:20:00+00:00,NEM,24842.27,107.102
2026-05-14 10:25:00+00:00,NEM,24745.23,104.418
2026-05-14 10:30:00+00:00,NEM,24817.34,104.244
2026-05-14 10:35:00+00:00,NEM,24716.64,115.376
2026-05-14 10:40:00+00:00,NEM,24656.94,117.604
2026-05-14 10:45:00+00:00,NEM,24717.22,123.482
2026-05-14 10:50:00+00:00,NEM,24549.29,118.864
2026-05-14 10:55:00+00:00,NEM,24498.17,116.816
2026-05-14 11:00:00+00:00,NEM,24442.91,112.338
2026-05-14 11:05:00+00:00,NEM,24218.87,115.496
2026-05-14 11:10:00+00:00,NEM,24120.06,114.588
2026-05-14 11:15:00+00:00,NEM,24116.74,114.56
2026-05-14 11:20:00+00:00,NEM,23981.17,113.508
2026-05-14 11:25:00+00:00,NEM,23763.29,96.742
2026-05-14 11:30:00+00:00,NEM,23798.56,96.248
2026-05-14 11:35:00+00:00,NEM,23645.65,95.92
2026-05-14 11:40:00+00:00,NEM,23532.5,94.226
2026-05-14 11:45:00+00:00,NEM,23311.74,94.402
2026-05-14 11:50:00+00:00,NEM,23282.43,88.534
2026-05-14 11:55:00+00:00,NEM,23154.32,93.768
2026-05-14 12:00:00+00:00,NEM,22892.26,87.192
2026-05-14 12:05:00+00:00,NEM,22771.58,93.4
2026-05-14 12:10:00+00:00,NEM,22832.3,103.686
2026-05-14 12:15:00+00:00,NEM,22766.93,98.034
2026-05-14 12:20:00+00:00,NEM,22701.28,101.676
2026-05-14 12:25:00+00:00,NEM,22417.87,90.358
2026-05-14 12:30:00+00:00,NEM,22373.01,96.086
2026-05-14 12:35:00+00:00,NEM,22256.26,98.094
2026-05-14 12:40:00+00:00,NEM,22214.65,91.392
2026-05-14 12:45:00+00:00,NEM,22219.76,92.052
2026-05-14 12:50:00+00:00,NEM,22060.55,86.94
2026-05-14 12:55:00+00:00,NEM,21877.54,80.034
2026-05-14 13:00:00+00:00,NEM,21749.94,77.812
2026-05-14 13:05:00+00:00,NEM,21673.03,77.322
2026-05-14 13:10:00+00:00,NEM,21703.89,81.366
2026-05-14 13:15:00+00:00,NEM,21644.73,79.144
2026-05-14 13:20:00+00:00,NEM,21567.82,78.064
2026-05-14 13:25:00+00:00,NEM,21440.89,75.85
2026-05-14 13:30:00+00:00,NEM,21412.87,76.562
2026-05-14 13:35:00+00:00,NEM,21283.55,80.364
2026-05-14 13:40:00+00:00,NEM,21332.86,84.286
2026-05-14 13:45:00+00:00,NEM,21206.04,76.958
2026-05-14 13:50:00+00:00,NEM,21118.46,75.126
2026-05-14 13:55:00+00:00,NEM,20937.47,71.11
2026-05-14 14:00:00+00:00,NEM,20834.0,62.774
2026-05-14 14:05:00+00:00,NEM,20770.23,62.39
2026-05-14 14:10:00+00:00,NEM,20702.68,72.08
2026-05-14 14:15:00+00:00,NEM,20692.16,66.948
2026-05-14 14:20:00+00:00,NEM,20748.46,71.682
2026-05-14 14:25:00+00:00,NEM,20533.57,64.21
2026-05-14 14:30:00+00:00,NEM,20581.69,72.096
2026-05-14 14:35:00+00:00,NEM,20547.96,74.83
2026-05-14 14:40:00+00:00,NEM,20351.13,59.744
2026-05-14 14:45:00+00:00,NEM,20339.18,57.636
2026-05-14 14:50:00+00:00,NEM,20233.46,56.896
2026-05-14 14:55:00+00:00,NEM,20143.28,58.926
2026-05-14 15:00:00+00:00,NEM,20131.02,57.73
2026-05-14 15:05:00+00:00,NEM,20033.78,78.512
2026-05-14 15:10:00+00:00,NEM,20095.4,70.602
2026-05-14 15:15:00+00:00,NEM,19862.16,59.186
2026-05-14 15:20:00+00:00,NEM,19913.07,71.048
2026-05-14 15:25:00+00:00,NEM,19827.75,63.57
2026-05-14 15:30:00+00:00,NEM,19724.97,59.402
2026-05-14 15:35:00+00:00,NEM,19643.37,64.676
2026-05-14 15:40:00+00:00,NEM,19550.73,60.912
2026-05-14 15:45:00+00:00,NEM,19436.91,68.592
2026-05-14 15:50:00+00:00,NEM,19472.25,56.532
2026-05-14 15:55:00+00:00,NEM,19325.95,53.168
2026-05-14 16:00:00+00:00,NEM,19213.02,57.218
2026-05-14 16:05:00+00:00,NEM,19315.43,72.77
2026-05-14 16:10:00+00:00,NEM,19233.38,55.416
2026-05-14 16:15:00+00:00,NEM,19160.67,58.192
2026-05-14 16:20:00+00:00,NEM,19097.51,55.19
2026-05-14 16:25:00+00:00,NEM,18999.35,62.894
2026-05-14 16:30:00+00:00,NEM,19010.62,54.912
2026-05-14 16:35:00+00:00,NEM,19072.74,83.48
2026-05-14 16:40:00+00:00,NEM,19050.0,53.22
2026-05-14 16:45:00+00:00,NEM,18964.67,65.926
2026-05-14 16:50:00+00:00,NEM,18925.71,54.674
2026-05-14 16:55:00+00:00,NEM,18864.77,62.322
2026-05-14 17:00:00+00:00,NEM,18841.75,47.81
2026-05-14 17:05:00+00:00,NEM,18849.28,55.868
2026-05-14 17:10:00+00:00,NEM,18951.03,50.932
2026-05-14 17:15:00+00:00,NEM,18916.33,59.536
2026-05-14 17:20:00+00:00,NEM,18860.72,49.538
2026-05-14 17:25:00+00:00,NEM,18876.63,49.88
2026-05-14 17:30:00+00:00,NEM,18887.24,51.132
2026-05-14 17:35:00+00:00,NEM,18819.03,54.006
2026-05-14 17:40:00+00:00,NEM,18944.2,56.566
2026-05-14 17:45:00+00:00,NEM,18976.99,44.126
2026-05-14 17:50:00+00:00,NEM,18829.23,52.278
2026-05-14 17:55:00+00:00,NEM,18829.0,53.7
2026-05-14 18:00:00+00:00,NEM,18834.66,54.064
2026-05-14 18:05:00+00:00,NEM,18894.56,49.158
2026-05-14 18:10:00+00:00,NEM,18999.54,62.664
2026-05-14 18:15:00+00:00,NEM,19060.25,61.524
2026-05-14 18:20:00+00:00,NEM,18971.63,63.804
2026-05-14 18:25:00+00:00,NEM,18989.15,57.478
2026-05-14 18:30:00+00:00,NEM,19065.69,57.502
2026-05-14 18:35:00+00:00,NEM,19044.28,54.852
2026-05-14 18:40:00+00:00,NEM,19082.09,55.548
2026-05-14 18:45:00+00:00,NEM,19257.32,62.412
2026-05-14 18:50:00+00:00,NEM,19291.59,63.674
2026-05-14 18:55:00+00:00,NEM,19255.47,63.756
2026-05-14 19:00:00+00:00,NEM,19342.82,64.01
2026-05-14 19:05:00+00:00,NEM,19354.15,55.42
2026-05-14 19:10:00+00:00,NEM,19626.46,57.922
2026-05-14 19:15:00+00:00,NEM,19730.24,61.132
2026-05-14 19:20:00+00:00,NEM,19850.93,58.342
2026-05-14 19:25:00+00:00,NEM,19888.08,70.254
2026-05-14 19:30:00+00:00,NEM,20020.07,70.656
2026-05-14 19:35:00+00:00,NEM,20139.29,63.114
2026-05-14 19:40:00+00:00,NEM,20269.98,66.46
2026-05-14 19:45:00+00:00,NEM,20403.52,63.616
2026-05-14 19:50:00+00:00,NEM,20653.2,67.458
2026-05-14 19:55:00+00:00,NEM,20782.69,64.872
2026-05-14 20:00:00+00:00,NEM,20916.79,77.964
2026-05-14 20:05:00+00:00,NEM,21091.58,68.398
2026-05-14 20:10:00+00:00,NEM,21340.88,69.394
2026-05-14 20:15:00+00:00,NEM,21750.96,72.544
2026-05-14 20:20:00+00:00,NEM,21940.02,78.226
2026-05-14 20:25:00+00:00,NEM,22190.39,75.734
2026-05-14 20:30:00+00:00,NEM,22343.85,77.59
2026-05-14 20:35:00+00:00,NEM,22618.44,84.254
2026-05-14 20:40:00+00:00,NEM,22795.8,73.808
2026-05-14 20:45:00+00:00,NEM,23024.78,78.934
2026-05-14 20:50:00+00:00,NEM,23140.71,77.722
2026-05-14 20:55:00+00:00,NEM,23449.64,88.16
2026-05-14 21:00:00+00:00,NEM,23462.27,87.204
2026-05-14 21:05:00+00:00,NEM,23663.35,87.614
2026-05-14 21:10:00+00:00,NEM,23915.34,90.038
2026-05-14 21:15:00+00:00,NEM,24007.15,93.67
2026-05-14 21:20:00+00:00,NEM,24128.05,91.446
2026-05-14 21:25:00+00:00,NEM,24174.88,92.632
2026-05-14 21:30:00+00:00,NEM,24262.8,92.066
2026-05-14 21:35:00+00:00,NEM,24181.93,72.03
2026-05-14 21:40:00+00:00,NEM,24028.63,56.216
2026-05-14 21:45:00+00:00,NEM,24111.94,60.136
2026-05-14 21:50:00+00:00,NEM,23888.54,51.584
2026-05-14 21:55:00+00:00,NEM,23831.34,47.808
2026-05-14 22:00:00+00:00,NEM,23578.08,45.646
2026-05-14 22:05:00+00:00,NEM,23494.4,49.596
2026-05-14 22:10:00+00:00,NEM,23313.21,50.002
2026-05-14 22:15:00+00:00,NEM,23298.29,49.556
2026-05-14 22:20:00+00:00,NEM,23132.32,46.964
2026-05-14 22:25:00+00:00,NEM,22818.91,38.294
2026-05-14 22:30:00+00:00,NEM,22471.87,40.872
2026-05-14 22:35:00+00:00,NEM,22391.14,38.42
2026-05-14 22:40:00+00:00,NEM,22203.43,36.186
2026-05-14 22:45:00+00:00,NEM,21957.18,38.536
2026-05-14 22:50:00+00:00,NEM,21711.26,31.154
2026-05-14 22:55:00+00:00,NEM,21624.99,34.128
2026-05-14 23:00:00+00:00,NEM,21457.0,29.558
2026-05-14 23:05:00+00:00,NEM,21266.3,30.916
2026-05-14 23:10:00+00:00,NEM,21128.08,34.764
2026-05-14 23:15:00+00:00,NEM,21095.02,47.546
2026-05-14 23:20:00+00:00,NEM,20820.76,21.626
2026-05-14 23:25:00+00:00,NEM,20669.72,49.952
2026-05-14 23:30:00+00:00,NEM,20518.72,20.908
2026-05-14 23:35:00+00:00,NEM,20204.23,38.786
2026-05-14 23:40:00+00:00,NEM,20087.01,19.04
2026-05-14 23:45:00+00:00,NEM,20020.14,53.574
2026-05-14 23:50:00+00:00,NEM,19733.31,23.082
2026-05-14 23:55:00+00:00,NEM,19455.79,23.256
2026-05-15 00:00:00+00:00,NEM,19181.92,38.306
2026-05-15 00:05:00+00:00,NEM,19100.63,22.268
2026-05-15 00:10:00+00:00,NEM,19115.0,27.39
2026-05-15 00:15:00+00:00,NEM,18936.58,20.366
2026-05-15 00:20:00+00:00,NEM,18832.04,40.702
2026-05-15 00:25:00+00:00,NEM,18672.83,20.772
2026-05-15 00:30:00+00:00,NEM,18493.46,41.064
2026-05-15 00:35:00+00:00,NEM,18417.28,24.83
2026-05-15 00:40:00+00:00,NEM,18512.11,21.19
2026-05-15 00:45:00+00:00,NEM,18300.59,20.352
2026-05-15 00:50:00+00:00,NEM,18317.44,19.278
2026-05-15 00:55:00+00:00,NEM,18314.09,20.122
2026-05-15 01:00:00+00:00,NEM,18312.53,23.2
2026-05-15 01:05:00+00:00,NEM,18250.21,23.436
2026-05-15 01:10:00+00:00,NEM,18660.8,19.326
2026-05-15 01:15:00+00:00,NEM,18686.78,19.876
2026-05-15 01:20:00+00:00,NEM,18602.2,19.77
2026-05-15 01:25:00+00:00,NEM,18729.8,18.132
2026-05-15 01:30:00+00:00,NEM,18828.43,24.014
2026-05-15 01:35:00+00:00,NEM,18632.8,26.682
2026-05-15 01:40:00+00:00,NEM,18737.64,24.222
2026-05-15 01:45:00+00:00,NEM,18633.92,26.238
2026-05-15 01:50:00+00:00,NEM,18568.35,28.304
2026-05-15 01:55:00+00:00,NEM,18651.6,21.632
2026-05-15 02:00:00+00:00,NEM,18616.61,46.094
2026-05-15 02:05:00+00:00,NEM,18528.55,35.816
2026-05-15 02:10:00+00:00,NEM,18585.32,50.484
2026-05-15 02:15:00+00:00,NEM,18433.42,35.314
2026-05-15 02:20:00+00:00,NEM,18373.45,48.69
2026-05-15 02:25:00+00:00,NEM,18507.74,54.462
2026-05-15 02:30:00+00:00,NEM,18265.08,44.654
2026-05-15 02:35:00+00:00,NEM,18345.31,43.13
2026-05-15 02:40:00+00:00,NEM,18447.5,49.116
2026-05-15 02:45:00+00:00,NEM,18539.1,48.746
2026-05-15 02:50:00+00:00,NEM,18453.08,43.524
2026-05-15 02:55:00+00:00,NEM,18498.11,41.166
2026-05-15 03:00:00+00:00,NEM,18475.45,34.382
2026-05-15 03:05:00+00:00,NEM,18422.43,35.86
2026-05-15 03:10:00+00:00,NEM,18525.47,34.57
2026-05-15 03:15:00+00:00,NEM,18472.26,28.314
2026-05-15 03:20:00+00:00,NEM,18523.44,24.882
2026-05-15 03:25:00+00:00,NEM,18622.91,27.762
2026-05-15 03:30:00+00:00,NEM,18472.7,31.4
2026-05-15 03:35:00+00:00,NEM,18549.04,29.186
2026-05-15 03:40:00+00:00,NEM,18761.12,29.814
2026-05-15 03:45:00+00:00,NEM,18797.01,30.162
2026-05-15 03:50:00+00:00,NEM,18777.51,29.852
2026-05-15 03:55:00+00:00,NEM,18617.63,29.132
2026-05-15 04:00:00+00:00,NEM,18652.97,28.506
2026-05-15 04:05:00+00:00,NEM,18707.85,28.964
2026-05-15 04:10:00+00:00,NEM,18836.17,30.162
2026-05-15 04:15:00+00:00,NEM,18832.97,33.566
2026-05-15 04:20:00+00:00,NEM,18840.18,30.168
2026-05-15 04:25:00+00:00,NEM,18929.57,30.14
2026-05-15 04:30:00+00:00,NEM,19115.38,30.068
2026-05-15 04:35:00+00:00,NEM,19236.76,29.336
2026-05-15 04:40:00+00:00,NEM,19377.02,29.582
2026-05-15 04:45:00+00:00,NEM,19393.18,28.754
2026-05-15 04:50:00+00:00,NEM,19659.24,33.684
2026-05-15 04:55:00+00:00,NEM,19831.4,31.354
2026-05-15 05:00:00+00:00,NEM,19969.9,29.998
2026-05-15 05:05:00+00:00,NEM,20141.36,29.36
2026-05-15 05:10:00+00:00,NEM,20232.5,30.316
2026-05-15 05:15:00+00:00,NEM,20507.7,37.024
2026-05-15 05:20:00+00:00,NEM,20769.49,44.428
2026-05-15 05:25:00+00:00,NEM,20889.28,43.85
2026-05-15 05:30:00+00:00,NEM,21183.93,40.634
2026-05-15 05:35:00+00:00,NEM,21283.07,37.744
2026-05-15 05:40:00+00:00,NEM,21544.53,47.338
2026-05-15 05:45:00+00:00,NEM,21805.95,57.624
2026-05-15 05:50:00+00:00,NEM,22065.34,62.92
2026-05-15 05:55:00+00:00,NEM,22128.53,62.364
2026-05-15 06:00:00+00:00,NEM,22459.57,73.374
2026-05-15 06:05:00+00:00,NEM,22533.78,58.844
2026-05-15 06:10:00+00:00,NEM,22864.27,84.038
2026-05-15 06:15:00+00:00,NEM,22989.05,81.788
2026-05-15 06:20:00+00:00,NEM,23176.94,81.704
2026-05-15 06:25:00+00:00,NEM,23437.18,88.398
2026-05-15 06:30:00+00:00,NEM,23737.72,90.202
2026-05-15 06:35:00+00:00,NEM,23957.53,84.324
2026-05-15 06:40:00+00:00,NEM,24116.74,83.976
2026-05-15 06:45:00+00:00,NEM,24192.32,82.542
2026-05-15 06:50:00+00:00,NEM,24298.4,83.976
2026-05-15 06:55:00+00:00,NEM,24559.73,88.466
2026-05-15 07:00:00+00:00,NEM,24657.06,85.134
2026-05-15 07:05:00+00:00,NEM,24832.54,81.838
2026-05-15 07:10:00+00:00,NEM,24691.85,81.522
2026-05-15 07:15:00+00:00,NEM,24930.15,80.342
2026-05-15 07:20:00+00:00,NEM,25025.18,80.706
2026-05-15 07:25:00+00:00,NEM,25314.01,82.11
2026-05-15 07:30:00+00:00,NEM,25483.08,84.434
2026-05-15 07:35:00+00:00,NEM,25478.81,81.92
2026-05-15 07:40:00+00:00,NEM,25585.61,80.792
2026-05-15 07:45:00+00:00,NEM,25580.24,81.636
2026-05-15 07:50:00+00:00,NEM,25619.98,81.16
2026-05-15 07:55:00+00:00,NEM,25658.4,79.478
2026-05-15 08:00:00+00:00,NEM,25625.28,81.308
2026-05-15 08:05:00+00:00,NEM,25520.04,80.354
2026-05-15 08:10:00+00:00,NEM,25391.04,77.804
2026-05-15 08:15:00+00:00,NEM,25407.55,75.442
2026-05-15 08:20:00+00:00,NEM,25410.17,75.378
2026-05-15 08:25:00+00:00,NEM,25467.49,70.336
2026-05-15 08:30:00+00:00,NEM,25347.89,70.182
2026-05-15 08:35:00+00:00,NEM,25296.04,77.144
2026-05-15 08:40:00+00:00,NEM,25095.68,70.272
2026-05-15 08:45:00+00:00,NEM,25013.78,76.452
2026-05-15 08:50:00+00:00,NEM,24926.03,76.064
2026-05-15 08:55:00+00:00,NEM,24932.24,76.386
2026-05-15 09:00:00+00:00,NEM,24799.76,69.368
2026-05-15 09:05:00+00:00,NEM,24760.85,70.676
2026-05-15 09:10:00+00:00,NEM,24710.92,78.042
2026-05-15 09:15:00+00:00,NEM,24475.32,69.376
2026-05-15 09:20:00+00:00,NEM,24452.99,78.638
2026-05-15 09:25:00+00:00,NEM,24456.74,80.604
2026-05-15 09:30:00+00:00,NEM,24282.08,69.702
2026-05-15 09:35:00+00:00,NEM,24200.34,69.706
2026-05-15 09:40:00+00:00,NEM,24204.52,76.568
2026-05-15 09:45:00+00:00,NEM,24139.78,77.492
2026-05-15 09:50:00+00:00,NEM,24037.32,78.458
2026-05-15 09:55:00+00:00,NEM,23896.04,76.124
2026-05-15 10:00:00+00:00,NEM,23901.03,72.716
2026-05-15 10:05:00+00:00,NEM,23808.49,73.044
2026-05-15 10:10:00+00:00,NEM,23828.68,75.698
2026-05-15 10:15:00+00:00,NEM,23695.07,77.146
2026-05-15 10:20:00+00:00,NEM,23581.54,77.3
2026-05-15 10:25:00+00:00,NEM,23581.91,74.498
2026-05-15 10:30:00+00:00,NEM,23637.19,77.598
2026-05-15 10:35:00+00:00,NEM,23444.73,73.476
2026-05-15 10:40:00+00:00,NEM,23663.21,77.948
2026-05-15 10:45:00+00:00,NEM,23628.55,78.194
2026-05-15 10:50:00+00:00,NEM,23406.45,73.624
2026-05-15 10:55:00+00:00,NEM,23377.09,73.184
2026-05-15 11:00:00+00:00,NEM,23297.78,73.47
2026-05-15 11:05:00+00:00,NEM,23052.1,73.854
2026-05-15 11:10:00+00:00,NEM,23264.37,78.552
2026-05-15 11:15:00+00:00,NEM,23047.04,73.352
2026-05-15 11:20:00+00:00,NEM,23024.39,73.084
2026-05-15 11:25:00+00:00,NEM,22972.64,73.194
2026-05-15 11:30:00+00:00,NEM,22942.75,73.486
2026-05-15 11:35:00+00:00,NEM,22840.52,77.832
2026-05-15 11:40:00+00:00,NEM,22714.71,78.052
2026-05-15 11:45:00+00:00,NEM,22634.12,77.692
2026-05-15 11:50:00+00:00,NEM,22434.07,76.338
2026-05-15 11:55:00+00:00,NEM,22360.55,73.686
2026-05-15 12:00:00+00:00,NEM,22269.72,72.502
2026-05-15 12:05:00+00:00,NEM,22056.94,72.476
2026-05-15 12:10:00+00:00,NEM,22222.1,72.214
2026-05-15 12:15:00+00:00,NEM,22138.93,74.306
2026-05-15 12:20:00+00:00,NEM,22015.82,73.176
2026-05-15 12:25:00+00:00,NEM,21914.59,75.01
2026-05-15 12:30:00+00:00,NEM,21877.92,74.564
2026-05-15 12:35:00+00:00,NEM,21787.1,74.948
2026-05-15 12:40:00+00:00,NEM,21504.92,72.792
2026-05-15 12:45:00+00:00,NEM,21496.75,72.93
2026-05-15 12:50:00+00:00,NEM,21501.05,73.716
2026-05-15 12:55:00+00:00,NEM,21413.8,73.79
2026-05-15 13:00:00+00:00,NEM,21291.34,72.844
2026-05-15 13:05:00+00:00,NEM,21166.04,72.642
2026-05-15 13:10:00+00:00,NEM,21299.48,73.932
2026-05-15 13:15:00+00:00,NEM,21293.12,73.618
2026-05-15 13:20:00+00:00,NEM,21062.85,68.012
2026-05-15 13:25:00+00:00,NEM,21130.25,72.988
2026-05-15 13:30:00+00:00,NEM,21040.82,73.024
2026-05-15 13:35:00+00:00,NEM,20929.21,68.158
2026-05-15 13:40:00+00:00,NEM,20986.5,72.418
2026-05-15 13:45:00+00:00,NEM,20894.41,72.938
2026-05-15 13:50:00+00:00,NEM,20762.75,67.114
2026-05-15 13:55:00+00:00,NEM,20695.65,49.602
2026-05-15 14:00:00+00:00,NEM,20539.04,51.718
2026-05-15 14:05:00+00:00,NEM,20467.2,63.184
2026-05-15 14:10:00+00:00,NEM,20367.49,68.468
2026-05-15 14:15:00+00:00,NEM,20337.47,56.528
2026-05-15 14:20:00+00:00,NEM,20351.99,71.018
2026-05-15 14:25:00+00:00,NEM,20353.53,75.458
2026-05-15 14:30:00+00:00,NEM,20201.37,75.928
2026-05-15 14:35:00+00:00,NEM,20174.0,79.032
2026-05-15 14:40:00+00:00,NEM,20135.76,79.012
2026-05-15 14:45:00+00:00,NEM,20055.42,72.622
2026-05-15 14:50:00+00:00,NEM,20006.96,71.874
2026-05-15 14:55:00+00:00,NEM,19835.35,54.49
2026-05-15 15:00:00+00:00,NEM,19744.04,49.97
2026-05-15 15:05:00+00:00,NEM,19693.01,58.822
2026-05-15 15:10:00+00:00,NEM,19732.3,83.284
2026-05-15 15:15:00+00:00,NEM,19661.73,57.666
2026-05-15 15:20:00+00:00,NEM,19401.5,51.586
2026-05-15 15:25:00+00:00,NEM,19374.68,51.114
2026-05-15 15:30:00+00:00,NEM,19286.59,50.41
2026-05-15 15:35:00+00:00,NEM,19232.67,57.544
2026-05-15 15:40:00+00:00,NEM,19197.7,56.86
2026-05-15 15:45:00+00:00,NEM,18964.48,49.886
2026-05-15 15:50:00+00:00,NEM,18971.95,50.384
2026-05-15 15:55:00+00:00,NEM,18840.84,50.252
2026-05-15 16:00:00+00:00,NEM,18716.77,46.46
2026-05-15 16:05:00+00:00,NEM,18841.44,51.97
2026-05-15 16:10:00+00:00,NEM,18950.53,51.002
2026-05-15 16:15:00+00:00,NEM,18728.1,43.186
2026-05-15 16:20:00+00:00,NEM,18715.51,40.462
2026-05-15 16:25:00+00:00,NEM,18720.92,46.616
2026-05-15 16:30:00+00:00,NEM,18644.42,40.79
2026-05-15 16:35:00+00:00,NEM,18705.88,52.452
2026-05-15 16:40:00+00:00,NEM,18448.7,46.476
2026-05-15 16:45:00+00:00,NEM,18498.36,43.268
2026-05-15 16:50:00+00:00,NEM,18522.94,48.45
2026-05-15 16:55:00+00:00,NEM,18576.12,48.382
2026-05-15 17:00:00+00:00,NEM,18449.84,40.846
2026-05-15 17:05:00+00:00,NEM,18437.08,45.084
2026-05-15 17:10:00+00:00,NEM,18264.01,40.84
2026-05-15 17:15:00+00:00,NEM,18363.41,50.074
2026-05-15 17:20:00+00:00,NEM,18330.79,48.67
2026-05-15 17:25:00+00:00,NEM,18203.21,48.346
2026-05-15 17:30:00+00:00,NEM,18081.4,40.866
2026-05-15 17:35:00+00:00,NEM,18086.18,47.186
2026-05-15 17:40:00+00:00,NEM,18162.89,48.336
2026-05-15 17:45:00+00:00,NEM,18053.56,48.988
2026-05-15 17:50:00+00:00,NEM,18087.78,50.104
2026-05-15 17:55:00+00:00,NEM,18141.4,50.29
2026-05-15 18:00:00+00:00,NEM,18053.96,46.672
2026-05-15 18:05:00+00:00,NEM,18069.05,47.072
2026-05-15 18:10:00+00:00,NEM,18207.51,57.378
2026-05-15 18:15:00+00:00,NEM,18215.9,52.842
2026-05-15 18:20:00+00:00,NEM,18227.09,52.59
2026-05-15 18:25:00+00:00,NEM,18258.19,52.434
2026-05-15 18:30:00+00:00,NEM,18063.05,46.766
2026-05-15 18:35:00+00:00,NEM,18114.89,54.992
2026-05-15 18:40:00+00:00,NEM,18297.44,57.17
2026-05-15 18:45:00+00:00,NEM,18100.21,65.688
2026-05-15 18:50:00+00:00,NEM,18144.23,70.334
2026-05-15 18:55:00+00:00,NEM,18162.04,65.778
2026-05-15 19:00:00+00:00,NEM,18202.21,52.466
2026-05-15 19:05:00+00:00,NEM,18232.09,59.048
2026-05-15 19:10:00+00:00,NEM,18273.97,52.386
2026-05-15 19:15:00+00:00,NEM,18301.26,58.344
2026-05-15 19:20:00+00:00,NEM,18325.09,61.288
2026-05-15 19:25:00+00:00,NEM,18463.36,60.622
2026-05-15 19:30:00+00:00,NEM,18537.3,65.244
2026-05-15 19:35:00+00:00,NEM,18606.28,68.444
2026-05-15 19:40:00+00:00,NEM,18637.87,84.544
2026-05-15 19:45:00+00:00,NEM,18688.19,59.98
2026-05-15 19:50:00+00:00,NEM,18863.37,59.754
2026-05-15 19:55:00+00:00,NEM,18801.51,75.64
2026-05-15 20:00:00+00:00,NEM,18933.74,76.624
2026-05-15 20:05:00+00:00,NEM,19009.07,76.166
2026-05-15 20:10:00+00:00,NEM,19140.84,67.454
2026-05-15 20:15:00+00:00,NEM,19291.49,68.364
2026-05-15 20:20:00+00:00,NEM,19293.98,73.996
2026-05-15 20:25:00+00:00,NEM,19372.8,75.722
2026-05-15 20:30:00+00:00,NEM,19449.13,78.552
2026-05-15 20:35:00+00:00,NEM,19567.37,81.206
2026-05-15 20:40:00+00:00,NEM,19567.31,80.888
2026-05-15 20:45:00+00:00,NEM,19693.09,68.878
2026-05-15 20:50:00+00:00,NEM,19833.81,80.928
2026-05-15 20:55:00+00:00,NEM,19868.77,68.754
2026-05-15 21:00:00+00:00,NEM,19811.62,79.736
2026-05-15 21:05:00+00:00,NEM,19908.12,64.396
2026-05-15 21:10:00+00:00,NEM,19975.47,73.146
2026-05-15 21:15:00+00:00,NEM,19899.11,54.084
2026-05-15 21:20:00+00:00,NEM,19841.2,65.894
2026-05-15 21:25:00+00:00,NEM,19980.74,53.024
2026-05-15 21:30:00+00:00,NEM,19938.53,65.162
2026-05-15 21:35:00+00:00,NEM,19791.86,38.712
2026-05-15 21:40:00+00:00,NEM,19968.53,38.084
2026-05-15 21:45:00+00:00,NEM,19860.41,40.44
2026-05-15 21:50:00+00:00,NEM,19722.17,42.218
2026-05-15 21:55:00+00:00,NEM,19726.43,41.128
2026-05-15 22:00:00+00:00,NEM,19635.89,28.476
2026-05-15 22:05:00+00:00,NEM,19683.19,38.628
2026-05-15 22:10:00+00:00,NEM,19653.07,43.204
2026-05-15 22:15:00+00:00,NEM,19562.21,38.064
2026-05-15 22:20:00+00:00,NEM,19426.07,29.984
2026-05-15 22:25:00+00:00,NEM,19341.92,31.398
2026-05-15 22:30:00+00:00,NEM,19353.15,35.932
2026-05-15 22:35:00+00:00,NEM,19126.63,34.206
2026-05-15 22:40:00+00:00,NEM,19051.11,31.012
2026-05-15 22:45:00+00:00,NEM,18955.03,31.748
2026-05-15 22:50:00+00:00,NEM,18859.58,31.542
2026-05-15 22:55:00+00:00,NEM,18833.01,39.63
2026-05-15 23:00:00+00:00,NEM,18588.14,29.688
2026-05-15 23:05:00+00:00,NEM,18492.0,40.966
2026-05-15 23:10:00+00:00,NEM,18675.68,36.944
2026-05-15 23:15:00+00:00,NEM,18556.82,35.256
2026-05-15 23:20:00+00:00,NEM,18325.86,29.694
2026-05-15 23:25:00+00:00,NEM,18215.54,33.912
2026-05-15 23:30:00+00:00,NEM,17901.37,27.878
2026-05-15 23:35:00+00:00,NEM,17898.96,41.964
2026-05-15 23:40:00+00:00,NEM,17783.87,29.26
2026-05-15 23:45:00+00:00,NEM,17646.56,36.092
2026-05-15 23:50:00+00:00,NEM,17594.31,31.894
2026-05-15 23:55:00+00:00,NEM,17504.71,42.97
2026-05-16 00:00:00+00:00,NEM,17524.03,26.564
2026-05-16 00:05:00+00:00,NEM,17456.35,43.66
2026-05-16 00:10:00+00:00,NEM,17420.06,30.884
2026-05-16 00:15:00+00:00,NEM,17404.58,33.266
2026-05-16 00:20:00+00:00,NEM,16987.33,29.788
2026-05-16 00:25:00+00:00,NEM,16963.89,31.61
2026-05-16 00:30:00+00:00,NEM,16863.1,30.484
2026-05-16 00:35:00+00:00,NEM,16878.21,29.926
2026-05-16 00:40:00+00:00,NEM,16802.44,30.438
2026-05-16 00:45:00+00:00,NEM,16770.12,32.994
2026-05-16 00:50:00+00:00,NEM,16466.9,29.378
2026-05-16 00:55:00+00:00,NEM,16481.35,34.422
2026-05-16 01:00:00+00:00,NEM,16598.94,32.18
2026-05-16 01:05:00+00:00,NEM,16591.42,43.244
2026-05-16 01:10:00+00:00,NEM,16869.06,31.976
2026-05-16 01:15:00+00:00,NEM,16815.48,43.334
2026-05-16 01:20:00+00:00,NEM,16826.5,30.354
2026-05-16 01:25:00+00:00,NEM,16890.05,35.358
2026-05-16 01:30:00+00:00,NEM,16926.45,30.258
2026-05-16 01:35:00+00:00,NEM,16854.51,33.204
2026-05-16 01:40:00+00:00,NEM,16856.02,33.156
2026-05-16 01:45:00+00:00,NEM,16815.34,30.6
2026-05-16 01:50:00+00:00,NEM,16748.56,33.818
2026-05-16 01:55:00+00:00,NEM,16585.25,41.392
2026-05-16 02:00:00+00:00,NEM,16519.71,31.016
2026-05-16 02:05:00+00:00,NEM,16511.45,43.304
2026-05-16 02:10:00+00:00,NEM,16479.16,29.988
2026-05-16 02:15:00+00:00,NEM,16602.69,37.96
2026-05-16 02:20:00+00:00,NEM,16431.51,30.346
2026-05-16 02:25:00+00:00,NEM,16625.39,41.8
2026-05-16 02:30:00+00:00,NEM,16714.06,40.558
2026-05-16 02:35:00+00:00,NEM,16677.06,33.92
2026-05-16 02:40:00+00:00,NEM,16745.69,34.536
2026-05-16 02:45:00+00:00,NEM,16836.09,42.29
2026-05-16 02:50:00+00:00,NEM,16794.8,34.272
2026-05-16 02:55:00+00:00,NEM,16716.74,43.304
2026-05-16 03:00:00+00:00,NEM,16527.67,28.88
2026-05-16 03:05:00+00:00,NEM,16573.54,32.488
2026-05-16 03:10:00+00:00,NEM,16488.2,31.844
2026-05-16 03:15:00+00:00,NEM,16623.92,40.718
2026-05-16 03:20:00+00:00,NEM,16496.39,34.424
2026-05-16 03:25:00+00:00,NEM,16512.85,36.402
2026-05-16 03:30:00+00:00,NEM,16426.39,31.352
2026-05-16 03:35:00+00:00,NEM,16567.65,31.14
2026-05-16 03:40:00+00:00,NEM,16751.15,30.476
2026-05-16 03:45:00+00:00,NEM,16758.8,28.862
2026-05-16 03:50:00+00:00,NEM,16640.71,30.298
2026-05-16 03:55:00+00:00,NEM,16594.12,30.596
2026-05-16 04:00:00+00:00,NEM,16724.39,33.156
2026-05-16 04:05:00+00:00,NEM,16547.77,28.732
2026-05-16 04:10:00+00:00,NEM,16530.42,28.434
2026-05-16 04:15:00+00:00,NEM,16517.36,27.264
2026-05-16 04:20:00+00:00,NEM,16857.23,34.322
2026-05-16 04:25:00+00:00,NEM,17146.31,40.102
2026-05-16 04:30:00+00:00,NEM,17251.4,30.734
2026-05-16 04:35:00+00:00,NEM,17283.09,30.686
2026-05-16 04:40:00+00:00,NEM,17513.98,30.336
2026-05-16 04:45:00+00:00,NEM,17941.77,43.11
2026-05-16 04:50:00+00:00,NEM,17994.37,33.068
2026-05-16 04:55:00+00:00,NEM,18219.93,32.976
2026-05-16 05:00:00+00:00,NEM,18369.1,37.856
2026-05-16 05:05:00+00:00,NEM,18508.6,34.542
2026-05-16 05:10:00+00:00,NEM,18561.59,37.134
2026-05-16 05:15:00+00:00,NEM,18569.21,34.174
2026-05-16 05:20:00+00:00,NEM,18779.39,35.692
2026-05-16 05:25:00+00:00,NEM,18997.29,39.606
2026-05-16 05:30:00+00:00,NEM,19391.04,42.192
2026-05-16 05:35:00+00:00,NEM,19621.49,51.144
2026-05-16 05:40:00+00:00,NEM,20022.61,59.874
2026-05-16 05:45:00+00:00,NEM,20079.21,57.582
2026-05-16 05:50:00+00:00,NEM,20300.91,70.444
2026-05-16 05:55:00+00:00,NEM,20363.8,73.874
2026-05-16 06:00:00+00:00,NEM,20536.04,82.612
2026-05-16 06:05:00+00:00,NEM,20723.4,76.344
2026-05-16 06:10:00+00:00,NEM,20917.07,74.584
2026-05-16 06:15:00+00:00,NEM,21156.37,87.482
2026-05-16 06:20:00+00:00,NEM,21258.18,98.09
2026-05-16 06:25:00+00:00,NEM,21563.37,94.462
2026-05-16 06:30:00+00:00,NEM,21809.71,103.33
2026-05-16 06:35:00+00:00,NEM,21939.64,98.75
2026-05-16 06:40:00+00:00,NEM,22274.54,108.44
2026-05-16 06:45:00+00:00,NEM,22324.3,107.122
2026-05-16 06:50:00+00:00,NEM,22493.81,107.522
2026-05-16 06:55:00+00:00,NEM,22683.16,107.064
2026-05-16 07:00:00+00:00,NEM,22924.61,108.04
2026-05-16 07:05:00+00:00,NEM,23171.9,109.548
2026-05-16 07:10:00+00:00,NEM,22922.44,105.05
2026-05-16 07:15:00+00:00,NEM,23217.78,110.654
2026-05-16 07:20:00+00:00,NEM,23390.17,102.996
2026-05-16 07:25:00+00:00,NEM,23536.76,104.576
2026-05-16 07:30:00+00:00,NEM,23820.58,114.45
2026-05-16 07:35:00+00:00,NEM,23817.51,100.714
2026-05-16 07:40:00+00:00,NEM,23957.07,100.672
2026-05-16 07:45:00+00:00,NEM,24039.49,99.468
2026-05-16 07:50:00+00:00,NEM,24075.24,99.56
2026-05-16 07:55:00+00:00,NEM,24008.5,101.722
2026-05-16 08:00:00+00:00,NEM,24107.94,106.464
2026-05-16 08:05:00+00:00,NEM,24070.12,100.702
2026-05-16 08:10:00+00:00,NEM,23974.99,99.394
2026-05-16 08:15:00+00:00,NEM,23836.47,98.344
2026-05-16 08:20:00+00:00,NEM,23846.25,110.872
2026-05-16 08:25:00+00:00,NEM,23778.1,113.276
2026-05-16 08:30:00+00:00,NEM,23677.09,104.65
2026-05-16 08:35:00+00:00,NEM,23782.05,109.174
2026-05-16 08:40:00+00:00,NEM,23623.67,109.646
2026-05-16 08:45:00+00:00,NEM,23564.26,95.55
2026-05-16 08:50:00+00:00,NEM,23484.52,110.122
2026-05-16 08:55:00+00:00,NEM,23287.41,98.808
2026-05-16 09:00:00+00:00,NEM,23330.05,104.592
2026-05-16 09:05:00+00:00,NEM,23229.08,110.612
2026-05-16 09:10:00+00:00,NEM,23086.91,100.052
2026-05-16 09:15:00+00:00,NEM,23175.32,109.348
2026-05-16 09:20:00+00:00,NEM,23030.03,99.328
2026-05-16 09:25:00+00:00,NEM,22966.2,108.218
2026-05-16 09:30:00+00:00,NEM,22936.97,104.458
2026-05-16 09:35:00+00:00,NEM,22945.63,110.132
2026-05-16 09:40:00+00:00,NEM,22882.0,105.238
2026-05-16 09:45:00+00:00,NEM,22865.3,109.938
2026-05-16 09:50:00+00:00,NEM,22631.65,108.398
2026-05-16 09:55:00+00:00,NEM,22694.83,110.368
2026-05-16 10:00:00+00:00,NEM,22662.07,109.056
2026-05-16 10:05:00+00:00,NEM,22561.69,109.134
2026-05-16 10:10:00+00:00,NEM,22499.94,107.924
2026-05-16 10:15:00+00:00,NEM,22494.72,109.938
2026-05-16 10:20:00+00:00,NEM,22230.29,108.746
2026-05-16 10:25:00+00:00,NEM,22322.18,113.242
2026-05-16 10:30:00+00:00,NEM,22252.7,113.376
2026-05-16 10:35:00+00:00,NEM,22179.11,107.0
2026-05-16 10:40:00+00:00,NEM,22309.08,117.08
2026-05-16 10:45:00+00:00,NEM,22342.58,114.546
2026-05-16 10:50:00+00:00,NEM,22341.31,123.562
2026-05-16 10:55:00+00:00,NEM,22396.21,118.298
2026-05-16 11:00:00+00:00,NEM,22188.65,111.354
2026-05-16 11:05:00+00:00,NEM,22233.36,108.57
2026-05-16 11:10:00+00:00,NEM,22213.68,115.322
2026-05-16 11:15:00+00:00,NEM,22208.81,121.938
2026-05-16 11:20:00+00:00,NEM,22107.43,122.208
2026-05-16 11:25:00+00:00,NEM,21972.73,111.25
2026-05-16 11:30:00+00:00,NEM,22012.51,116.106
2026-05-16 11:35:00+00:00,NEM,21947.78,108.03
2026-05-16 11:40:00+00:00,NEM,21915.13,112.138
2026-05-16 11:45:00+00:00,NEM,21755.79,107.984
2026-05-16 11:50:00+00:00,NEM,21742.46,106.962
2026-05-16 11:55:00+00:00,NEM,21684.51,106.786
2026-05-16 12:00:00+00:00,NEM,21589.99,107.146
2026-05-16 12:05:00+00:00,NEM,21510.76,114.662
2026-05-16 12:10:00+00:00,NEM,21554.82,114.47
2026-05-16 12:15:00+00:00,NEM,21505.87,114.902
2026-05-16 12:20:00+00:00,NEM,21535.12,115.462
2026-05-16 12:25:00+00:00,NEM,21495.47,114.504
2026-05-16 12:30:00+00:00,NEM,21335.95,114.356
2026-05-16 12:35:00+00:00,NEM,21160.73,112.932
2026-05-16 12:40:00+00:00,NEM,21277.99,114.896
2026-05-16 12:45:00+00:00,NEM,21154.92,114.72
2026-05-16 12:50:00+00:00,NEM,21036.94,114.782
2026-05-16 12:55:00+00:00,NEM,20843.17,114.868
2026-05-16 13:00:00+00:00,NEM,20840.85,110.012
2026-05-16 13:05:00+00:00,NEM,20868.2,120.11
2026-05-16 13:10:00+00:00,NEM,20930.39,145.742
2026-05-16 13:15:00+00:00,NEM,20880.82,118.858
2026-05-16 13:20:00+00:00,NEM,20818.53,140.46
2026-05-16 13:25:00+00:00,NEM,20792.95,109.644
2026-05-16 13:30:00+00:00,NEM,20814.26,129.258
2026-05-16 13:35:00+00:00,NEM,20535.87,105.894
2026-05-16 13:40:00+00:00,NEM,20618.75,116.944
2026-05-16 13:45:00+00:00,NEM,20598.89,115.484
2026-05-16 13:50:00+00:00,NEM,20545.58,111.4
2026-05-16 13:55:00+00:00,NEM,20452.13,106.778
2026-05-16 14:00:00+00:00,NEM,20322.73,106.598
2026-05-16 14:05:00+00:00,NEM,20233.98,115.846
2026-05-16 14:10:00+00:00,NEM,20351.17,132.956
2026-05-16 14:15:00+00:00,NEM,20274.85,123.336
2026-05-16 14:20:00+00:00,NEM,20339.77,126.656
2026-05-16 14:25:00+00:00,NEM,20234.62,121.948
2026-05-16 14:30:00+00:00,NEM,20172.44,106.716
2026-05-16 14:35:00+00:00,NEM,20125.48,116.324
2026-05-16 14:40:00+00:00,NEM,20083.31,116.502
2026-05-16 14:45:00+00:00,NEM,19967.97,116.446
2026-05-16 14:50:00+00:00,NEM,19887.78,116.344
2026-05-16 14:55:00+00:00,NEM,19907.59,124.602
2026-05-16 15:00:00+00:00,NEM,19776.63,112.792
2026-05-16 15:05:00+00:00,NEM,19784.42,114.626
2026-05-16 15:10:00+00:00,NEM,19704.93,114.68
2026-05-16 15:15:00+00:00,NEM,19459.37,108.172
2026-05-16 15:20:00+00:00,NEM,19492.27,113.286
2026-05-16 15:25:00+00:00,NEM,19325.52,108.026
2026-05-16 15:30:00+00:00,NEM,19275.73,107.574
2026-05-16 15:35:00+00:00,NEM,19126.98,113.186
2026-05-16 15:40:00+00:00,NEM,19085.88,113.25
2026-05-16 15:45:00+00:00,NEM,19105.46,111.942
2026-05-16 15:50:00+00:00,NEM,18950.79,112.482
2026-05-16 15:55:00+00:00,NEM,18858.05,108.236
2026-05-16 16:00:00+00:00,NEM,18892.33,112.806
2026-05-16 16:05:00+00:00,NEM,18714.29,113.286
2026-05-16 16:10:00+00:00,NEM,18842.2,111.72
2026-05-16 16:15:00+00:00,NEM,18707.59,106.32
2026-05-16 16:20:00+00:00,NEM,18597.62,102.49
2026-05-16 16:25:00+00:00,NEM,18531.81,108.724
2026-05-16 16:30:00+00:00,NEM,18502.72,108.26
2026-05-16 16:35:00+00:00,NEM,18413.57,108.342
2026-05-16 16:40:00+00:00,NEM,18445.24,109.572
2026-05-16 16:45:00+00:00,NEM,18505.48,109.384
2026-05-16 16:50:00+00:00,NEM,18393.7,109.598
2026-05-16 16:55:00+00:00,NEM,18316.54,109.426
2026-05-16 17:00:00+00:00,NEM,18303.95,109.506
2026-05-16 17:05:00+00:00,NEM,18256.45,115.44
2026-05-16 17:10:00+00:00,NEM,18279.23,114.838
2026-05-16 17:15:00+00:00,NEM,18255.51,116.868
2026-05-16 17:20:00+00:00,NEM,18220.13,112.62
2026-05-16 17:25:00+00:00,NEM,18149.01,115.494
2026-05-16 17:30:00+00:00,NEM,18108.71,112.182
2026-05-16 17:35:00+00:00,NEM,18119.93,114.262
2026-05-16 17:40:00+00:00,NEM,18144.68,115.356
2026-05-16 17:45:00+00:00,NEM,18175.31,113.068
2026-05-16 17:50:00+00:00,NEM,18116.78,108.084
2026-05-16 17:55:00+00:00,NEM,17985.35,114.14
2026-05-16 18:00:00+00:00,NEM,18029.83,112.274
2026-05-16 18:05:00+00:00,NEM,18042.33,108.032
2026-05-16 18:10:00+00:00,NEM,18025.76,108.248
2026-05-16 18:15:00+00:00,NEM,18077.23,107.644
2026-05-16 18:20:00+00:00,NEM,18056.73,108.094
2026-05-16 18:25:00+00:00,NEM,18022.88,108.626
2026-05-16 18:30:00+00:00,NEM,17994.14,107.972
2026-05-16 18:35:00+00:00,NEM,17971.04,110.716
2026-05-16 18:40:00+00:00,NEM,17984.64,110.65
2026-05-16 18:45:00+00:00,NEM,18047.83,110.788
2026-05-16 18:50:00+00:00,NEM,18054.17,110.902
2026-05-16 18:55:00+00:00,NEM,18117.99,122.638
2026-05-16 19:00:00+00:00,NEM,18051.79,124.226
2026-05-16 19:05:00+00:00,NEM,18086.6,112.532
2026-05-16 19:10:00+00:00,NEM,18182.61,112.67
2026-05-16 19:15:00+00:00,NEM,18172.04,112.608
2026-05-16 19:20:00+00:00,NEM,18199.15,111.602
2026-05-16 19:25:00+00:00,NEM,18141.23,110.03
2026-05-16 19:30:00+00:00,NEM,18193.49,111.148
2026-05-16 19:35:00+00:00,NEM,18336.6,114.124
2026-05-16 19:40:00+00:00,NEM,18473.91,114.35
2026-05-16 19:45:00+00:00,NEM,18260.36,113.16
2026-05-16 19:50:00+00:00,NEM,18351.14,107.79
2026-05-16 19:55:00+00:00,NEM,18323.23,110.054
2026-05-16 20:00:00+00:00,NEM,18480.27,128.136
2026-05-16 20:05:00+00:00,NEM,18416.37,109.972
2026-05-16 20:10:00+00:00,NEM,18625.0,115.91
2026-05-16 20:15:00+00:00,NEM,18715.8,112.866
2026-05-16 20:20:00+00:00,NEM,18727.95,113.956
2026-05-16 20:25:00+00:00,NEM,18803.91,116.426
2026-05-16 20:30:00+00:00,NEM,18979.86,125.618
2026-05-16 20:35:00+00:00,NEM,19009.95,117.46
2026-05-16 20:40:00+00:00,NEM,19088.45,129.29
2026-05-16 20:45:00+00:00,NEM,19147.64,129.096
2026-05-16 20:50:00+00:00,NEM,19161.69,110.496
2026-05-16 20:55:00+00:00,NEM,19213.21,128.676
2026-05-16 21:00:00+00:00,NEM,19216.89,113.912
2026-05-16 21:05:00+00:00,NEM,19203.97,102.724
2026-05-16 21:10:00+00:00,NEM,19240.86,104.264
2026-05-16 21:15:00+00:00,NEM,19372.88,99.794
2026-05-16 21:20:00+00:00,NEM,19320.25,97.834
2026-05-16 21:25:00+00:00,NEM,19390.73,97.992
2026-05-16 21:30:00+00:00,NEM,19401.82,103.932
2026-05-16 21:35:00+00:00,NEM,19459.85,87.346
2026-05-16 21:40:00+00:00,NEM,19479.05,88.546
2026-05-16 21:45:00+00:00,NEM,19458.81,87.416
2026-05-16 21:50:00+00:00,NEM,19511.3,97.928
2026-05-16 21:55:00+00:00,NEM,19572.83,104.484
2026-05-16 22:00:00+00:00,NEM,19489.8,97.708
2026-05-16 22:05:00+00:00,NEM,19503.01,100.836
2026-05-16 22:10:00+00:00,NEM,19427.83,97.616
2026-05-16 22:15:00+00:00,NEM,19404.07,99.696
2026-05-16 22:20:00+00:00,NEM,19482.07,99.754
2026-05-16 22:25:00+00:00,NEM,19537.77,102.276
2026-05-16 22:30:00+00:00,NEM,19468.75,94.34
2026-05-16 22:35:00+00:00,NEM,19416.52,102.48
2026-05-16 22:40:00+00:00,NEM,19420.13,105.966
2026-05-16 22:45:00+00:00,NEM,19303.8,102.432
2026-05-16 22:50:00+00:00,NEM,19235.12,119.33
2026-05-16 22:55:00+00:00,NEM,18977.41,112.654
2026-05-16 23:00:00+00:00,NEM,18811.93,99.338
2026-05-16 23:05:00+00:00,NEM,18830.56,101.312
2026-05-16 23:10:00+00:00,NEM,18838.44,101.416
2026-05-16 23:15:00+00:00,NEM,18861.37,99.108
2026-05-16 23:20:00+00:00,NEM,18715.92,98.684
2026-05-16 23:25:00+00:00,NEM,18698.07,95.724
2026-05-16 23:30:00+00:00,NEM,18705.68,93.896
2026-05-16 23:35:00+00:00,NEM,18558.36,94.944
2026-05-16 23:40:00+00:00,NEM,18635.33,103.688
2026-05-16 23:45:00+00:00,NEM,18510.43,96.328
2026-05-16 23:50:00+00:00,NEM,18426.27,97.198
2026-05-16 23:55:00+00:00,NEM,18361.04,98.512
2026-05-17 00:00:00+00:00,NEM,18280.89,96.866
2026-05-17 00:05:00+00:00,NEM,18215.73,105.706
2026-05-17 00:10:00+00:00,NEM,18191.97,97.404
2026-05-17 00:15:00+00:00,NEM,18361.02,98.68
2026-05-17 00:20:00+00:00,NEM,18353.92,98.91
2026-05-17 00:25:00+00:00,NEM,18421.14,101.912
2026-05-17 00:30:00+00:00,NEM,18237.8,96.844
2026-05-17 00:35:00+00:00,NEM,18074.45,97.008
2026-05-17 00:40:00+00:00,NEM,18193.24,99.16
2026-05-17 00:45:00+00:00,NEM,18052.2,107.854
2026-05-17 00:50:00+00:00,NEM,18047.21,101.476
2026-05-17 00:55:00+00:00,NEM,18202.2,100.198
2026-05-17 01:00:00+00:00,NEM,18202.76,100.034
2026-05-17 01:05:00+00:00,NEM,18284.89,118.886
2026-05-17 01:10:00+00:00,NEM,18559.44,122.738
2026-05-17 01:15:00+00:00,NEM,18513.83,112.17
2026-05-17 01:20:00+00:00,NEM,18589.88,112.048
2026-05-17 01:25:00+00:00,NEM,18705.77,102.984
2026-05-17 01:30:00+00:00,NEM,18599.27,100.302
2026-05-17 01:35:00+00:00,NEM,18769.68,115.118
2026-05-17 01:40:00+00:00,NEM,18975.21,104.562
2026-05-17 01:45:00+00:00,NEM,19002.71,98.344
2026-05-17 01:50:00+00:00,NEM,18922.0,101.408
2026-05-17 01:55:00+00:00,NEM,18861.01,101.92
2026-05-17 02:00:00+00:00,NEM,18845.75,105.754
2026-05-17 02:05:00+00:00,NEM,18865.21,112.656
2026-05-17 02:10:00+00:00,NEM,19040.55,110.394
2026-05-17 02:15:00+00:00,NEM,19057.88,109.554
2026-05-17 02:20:00+00:00,NEM,19108.68,119.144
2026-05-17 02:25:00+00:00,NEM,18951.84,104.494
2026-05-17 02:30:00+00:00,NEM,18885.33,103.452
2026-05-17 02:35:00+00:00,NEM,18850.49,101.582
2026-05-17 02:40:00+00:00,NEM,18867.04,112.956
2026-05-17 02:45:00+00:00,NEM,18843.94,112.748
2026-05-17 02:50:00+00:00,NEM,18959.42,108.25
2026-05-17 02:55:00+00:00,NEM,19087.74,119.252
2026-05-17 03:00:00+00:00,NEM,19051.65,119.466
2026-05-17 03:05:00+00:00,NEM,19088.62,111.736
2026-05-17 03:10:00+00:00,NEM,19370.96,143.954
2026-05-17 03:15:00+00:00,NEM,19234.53,115.89
2026-05-17 03:20:00+00:00,NEM,19225.93,108.746
2026-05-17 03:25:00+00:00,NEM,19359.64,127.546
2026-05-17 03:30:00+00:00,NEM,19317.79,137.536
2026-05-17 03:35:00+00:00,NEM,19424.56,115.414
2026-05-17 03:40:00+00:00,NEM,19563.72,118.032
2026-05-17 03:45:00+00:00,NEM,19520.85,133.724
2026-05-17 03:50:00+00:00,NEM,19503.26,116.62
2026-05-17 03:55:00+00:00,NEM,19678.18,115.86
2026-05-17 04:00:00+00:00,NEM,19752.14,118.786
2026-05-17 04:05:00+00:00,NEM,19795.1,115.776
2026-05-17 04:10:00+00:00,NEM,19811.21,110.61
2026-05-17 04:15:00+00:00,NEM,19824.33,119.768
2026-05-17 04:20:00+00:00,NEM,19805.51,172.734
2026-05-17 04:25:00+00:00,NEM,19784.33,157.76
2026-05-17 04:30:00+00:00,NEM,19958.28,120.632
2026-05-17 04:35:00+00:00,NEM,19912.16,117.392
2026-05-17 04:40:00+00:00,NEM,20153.46,116.03
2026-05-17 04:45:00+00:00,NEM,20307.93,125.06
2026-05-17 04:50:00+00:00,NEM,20278.05,116.584
2026-05-17 04:55:00+00:00,NEM,20574.55,124.934
2026-05-17 05:00:00+00:00,NEM,20570.52,117.406
2026-05-17 05:05:00+00:00,NEM,20744.83,120.946
2026-05-17 05:10:00+00:00,NEM,20872.16,140.668
2026-05-17 05:15:00+00:00,NEM,20866.37,110.006
2026-05-17 05:20:00+00:00,NEM,20866.85,123.404
2026-05-17 05:25:00+00:00,NEM,21035.63,126.218
2026-05-17 05:30:00+00:00,NEM,21193.76,173.254
2026-05-17 05:35:00+00:00,NEM,21224.29,120.278
2026-05-17 05:40:00+00:00,NEM,21362.69,132.946
2026-05-17 05:45:00+00:00,NEM,21539.16,119.766
2026-05-17 05:50:00+00:00,NEM,21777.56,120.132
2026-05-17 05:55:00+00:00,NEM,22002.44,139.198
2026-05-17 06:00:00+00:00,NEM,22226.28,210.92
2026-05-17 06:05:00+00:00,NEM,22028.98,119.594
2026-05-17 06:10:00+00:00,NEM,22426.36,139.492
2026-05-17 06:15:00+00:00,NEM,22584.45,140.426
2026-05-17 06:20:00+00:00,NEM,22706.16,155.792
2026-05-17 06:25:00+00:00,NEM,22875.78,134.512
2026-05-17 06:30:00+00:00,NEM,22998.59,148.666
2026-05-17 06:35:00+00:00,NEM,23317.85,147.322
2026-05-17 06:40:00+00:00,NEM,23433.13,153.46
2026-05-17 06:45:00+00:00,NEM,23529.59,149.148
2026-05-17 06:50:00+00:00,NEM,23819.29,155.706
2026-05-17 06:55:00+00:00,NEM,23973.62,197.608
2026-05-17 07:00:00+00:00,NEM,24157.73,204.356
2026-05-17 07:05:00+00:00,NEM,24268.74,150.968
2026-05-17 07:10:00+00:00,NEM,24521.33,152.862
2026-05-17 07:15:00+00:00,NEM,24735.61,153.038
2026-05-17 07:20:00+00:00,NEM,24892.82,156.364
2026-05-17 07:25:00+00:00,NEM,25089.91,234.956
2026-05-17 07:30:00+00:00,NEM,25083.33,187.808
2026-05-17 07:35:00+00:00,NEM,25240.74,160.634
2026-05-17 07:40:00+00:00,NEM,25614.93,159.672
2026-05-17 07:45:00+00:00,NEM,25635.13,220.896
2026-05-17 07:50:00+00:00,NEM,25603.75,198.342
2026-05-17 07:55:00+00:00,NEM,25609.38,175.51
2026-05-17 08:00:00+00:00,NEM,25766.15,201.112
2026-05-17 08:05:00+00:00,NEM,25515.2,154.256
2026-05-17 08:10:00+00:00,NEM,25539.17,178.07
2026-05-17 08:15:00+00:00,NEM,25534.08,189.158
2026-05-17 08:20:00+00:00,NEM,25313.83,152.228
2026-05-17 08:25:00+00:00,NEM,25358.27,154.88
2026-05-17 08:30:00+00:00,NEM,25385.98,164.41
2026-05-17 08:35:00+00:00,NEM,25273.29,174.288
2026-05-17 08:40:00+00:00,NEM,25103.72,159.638
2026-05-17 08:45:00+00:00,NEM,25047.58,148.78
2026-05-17 08:50:00+00:00,NEM,24769.86,148.086
2026-05-17 08:55:00+00:00,NEM,24838.61,160.884
2026-05-17 09:00:00+00:00,NEM,24739.21,161.384
2026-05-17 09:05:00+00:00,NEM,24686.35,163.188
2026-05-17 09:10:00+00:00,NEM,24547.03,161.998
2026-05-17 09:15:00+00:00,NEM,24422.32,145.238
2026-05-17 09:20:00+00:00,NEM,24293.95,145.632
2026-05-17 09:25:00+00:00,NEM,24371.8,181.366
2026-05-17 09:30:00+00:00,NEM,24167.22,146.566
2026-05-17 09:35:00+00:00,NEM,23967.45,161.348
2026-05-17 09:40:00+00:00,NEM,23986.68,135.382
2026-05-17 09:45:00+00:00,NEM,23949.03,163.464
2026-05-17 09:50:00+00:00,NEM,23779.04,114.772
2026-05-17 09:55:00+00:00,NEM,23890.79,165.61
2026-05-17 10:00:00+00:00,NEM,23649.28,131.028
2026-05-17 10:05:00+00:00,NEM,23520.81,124.522
2026-05-17 10:10:00+00:00,NEM,23435.2,124.898
2026-05-17 10:15:00+00:00,NEM,23461.94,127.628
2026-05-17 10:20:00+00:00,NEM,23317.75,126.878
2026-05-17 10:25:00+00:00,NEM,23338.47,126.896
2026-05-17 10:30:00+00:00,NEM,23273.77,124.32
2026-05-17 10:35:00+00:00,NEM,23106.44,129.026
2026-05-17 10:40:00+00:00,NEM,23280.43,163.752
2026-05-17 10:45:00+00:00,NEM,23221.84,133.288
2026-05-17 10:50:00+00:00,NEM,23095.44,122.468
2026-05-17 10:55:00+00:00,NEM,23033.4,158.972
2026-05-17 11:00:00+00:00,NEM,22743.48,123.566
2026-05-17 11:05:00+00:00,NEM,22714.0,151.842
2026-05-17 11:10:00+00:00,NEM,22666.99,146.116
2026-05-17 11:15:00+00:00,NEM,22606.71,142.872
2026-05-17 11:20:00+00:00,NEM,22510.91,136.596
2026-05-17 11:25:00+00:00,NEM,22472.09,151.862
2026-05-17 11:30:00+00:00,NEM,22437.42,149.468
2026-05-17 11:35:00+00:00,NEM,22241.6,126.084
2026-05-17 11:40:00+00:00,NEM,22264.01,137.614
2026-05-17 11:45:00+00:00,NEM,22238.88,138.418
2026-05-17 11:50:00+00:00,NEM,22019.34,135.888
2026-05-17 11:55:00+00:00,NEM,21919.81,116.016
2026-05-17 12:00:00+00:00,NEM,21884.23,133.894
2026-05-17 12:05:00+00:00,NEM,21524.71,130.438
2026-05-17 12:10:00+00:00,NEM,21695.66,132.79
2026-05-17 12:15:00+00:00,NEM,21649.13,133.006
2026-05-17 12:20:00+00:00,NEM,21655.95,126.436
2026-05-17 12:25:00+00:00,NEM,21471.83,127.33
2026-05-17 12:30:00+00:00,NEM,21434.08,131.71
2026-05-17 12:35:00+00:00,NEM,21352.71,134.778
2026-05-17 12:40:00+00:00,NEM,21220.32,143.622
2026-05-17 12:45:00+00:00,NEM,21134.94,122.642
2026-05-17 12:50:00+00:00,NEM,21083.18,183.808
2026-05-17 12:55:00+00:00,NEM,20934.48,138.778
2026-05-17 13:00:00+00:00,NEM,20838.92,129.158
2026-05-17 13:05:00+00:00,NEM,20841.62,132.216
2026-05-17 13:10:00+00:00,NEM,20937.28,128.824
2026-05-17 13:15:00+00:00,NEM,20972.51,128.866
2026-05-17 13:20:00+00:00,NEM,20844.27,143.188
2026-05-17 13:25:00+00:00,NEM,20773.92,162.544
2026-05-17 13:30:00+00:00,NEM,20578.6,133.226
2026-05-17 13:35:00+00:00,NEM,20606.2,121.768
2026-05-17 13:40:00+00:00,NEM,20520.5,134.478
2026-05-17 13:45:00+00:00,NEM,20486.44,141.652
2026-05-17 13:50:00+00:00,NEM,20383.35,133.904
2026-05-17 13:55:00+00:00,NEM,20299.0,133.988
2026-05-17 14:00:00+00:00,NEM,20317.85,146.278
2026-05-17 14:05:00+00:00,NEM,20242.32,148.746
2026-05-17 14:10:00+00:00,NEM,20374.67,147.208
2026-05-17 14:15:00+00:00,NEM,20317.39,145.148
2026-05-17 14:20:00+00:00,NEM,20240.6,147.152
2026-05-17 14:25:00+00:00,NEM,20158.65,209.59
2026-05-17 14:30:00+00:00,NEM,20022.23,155.014
2026-05-17 14:35:00+00:00,NEM,20034.1,208.874
2026-05-17 14:40:00+00:00,NEM,19924.32,159.472
2026-05-17 14:45:00+00:00,NEM,19934.27,207.864
2026-05-17 14:50:00+00:00,NEM,19838.24,136.968
2026-05-17 14:55:00+00:00,NEM,19836.0,162.664
2026-05-17 15:00:00+00:00,NEM,19732.16,153.166
2026-05-17 15:05:00+00:00,NEM,19615.05,151.928
2026-05-17 15:10:00+00:00,NEM,19592.89,152.912
2026-05-17 15:15:00+00:00,NEM,19448.91,153.55
2026-05-17 15:20:00+00:00,NEM,19392.48,150.918
2026-05-17 15:25:00+00:00,NEM,19377.94,150.68
2026-05-17 15:30:00+00:00,NEM,19231.15,134.716
2026-05-17 15:35:00+00:00,NEM,19173.23,136.422
2026-05-17 15:40:00+00:00,NEM,19167.14,136.704
2026-05-17 15:45:00+00:00,NEM,19096.39,136.09
2026-05-17 15:50:00+00:00,NEM,19050.77,133.298
2026-05-17 15:55:00+00:00,NEM,18913.08,136.42
2026-05-17 16:00:00+00:00,NEM,18843.28,129.216
2026-05-17 16:05:00+00:00,NEM,18929.67,154.296
2026-05-17 16:10:00+00:00,NEM,18801.09,135.416
2026-05-17 16:15:00+00:00,NEM,18829.42,137.052
2026-05-17 16:20:00+00:00,NEM,18740.12,122.2
2026-05-17 16:25:00+00:00,NEM,18740.4,124.776
2026-05-17 16:30:00+00:00,NEM,18678.06,158.986
2026-05-17 16:35:00+00:00,NEM,18541.11,143.512
2026-05-17 16:40:00+00:00,NEM,18541.86,120.556
2026-05-17 16:45:00+00:00,NEM,18598.94,147.456
2026-05-17 16:50:00+00:00,NEM,18588.18,139.798
2026-05-17 16:55:00+00:00,NEM,18523.28,137.142
2026-05-17 17:00:00+00:00,NEM,18418.08,123.212
2026-05-17 17:05:00+00:00,NEM,18484.5,148.712
2026-05-17 17:10:00+00:00,NEM,18518.13,128.088
2026-05-17 17:15:00+00:00,NEM,18458.74,128.66
2026-05-17 17:20:00+00:00,NEM,18457.05,130.17
2026-05-17 17:25:00+00:00,NEM,18434.22,139.608
2026-05-17 17:30:00+00:00,NEM,18459.12,136.916
2026-05-17 17:35:00+00:00,NEM,18448.58,125.986
2026-05-17 17:40:00+00:00,NEM,18451.82,129.01
2026-05-17 17:45:00+00:00,NEM,18384.27,129.01
2026-05-17 17:50:00+00:00,NEM,18469.53,128.132
2026-05-17 17:55:00+00:00,NEM,18540.6,125.608
2026-05-17 18:00:00+00:00,NEM,18509.72,146.098
2026-05-17 18:05:00+00:00,NEM,18488.06,128.61
2026-05-17 18:10:00+00:00,NEM,18537.68,129.136
2026-05-17 18:15:00+00:00,NEM,18551.34,142.864
2026-05-17 18:20:00+00:00,NEM,18667.79,150.326
2026-05-17 18:25:00+00:00,NEM,18628.23,148.452
2026-05-17 18:30:00+00:00,NEM,18636.37,128.866
2026-05-17 18:35:00+00:00,NEM,18720.26,129.826
2026-05-17 18:40:00+00:00,NEM,18830.01,130.416
2026-05-17 18:45:00+00:00,NEM,18872.96,129.84
2026-05-17 18:50:00+00:00,NEM,18853.33,148.514
2026-05-17 18:55:00+00:00,NEM,19015.53,151.42
2026-05-17 19:00:00+00:00,NEM,18990.37,131.432
2026-05-17 19:05:00+00:00,NEM,19042.05,132.04
2026-05-17 19:10:00+00:00,NEM,19396.44,167.22
2026-05-17 19:15:00+00:00,NEM,19405.77,159.55
2026-05-17 19:20:00+00:00,NEM,19545.81,159.998
2026-05-17 19:25:00+00:00,NEM,19709.82,156.0
2026-05-17 19:30:00+00:00,NEM,19735.83,146.908
2026-05-17 19:35:00+00:00,NEM,19878.44,133.816
2026-05-17 19:40:00+00:00,NEM,20158.6,154.618
2026-05-17 19:45:00+00:00,NEM,20301.08,158.062
2026-05-17 19:50:00+00:00,NEM,20478.14,156.364
2026-05-17 19:55:00+00:00,NEM,20470.67,154.994
2026-05-17 20:00:00+00:00,NEM,20656.59,171.708
2026-05-17 20:05:00+00:00,NEM,20781.68,156.748
2026-05-17 20:10:00+00:00,NEM,21195.54,204.828
2026-05-17 20:15:00+00:00,NEM,21271.46,170.604
2026-05-17 20:20:00+00:00,NEM,21486.82,179.196
2026-05-17 20:25:00+00:00,NEM,21716.58,160.574
2026-05-17 20:30:00+00:00,NEM,21979.32,219.68
2026-05-17 20:35:00+00:00,NEM,22022.41,189.394
2026-05-17 20:40:00+00:00,NEM,22423.56,204.828
2026-05-17 20:45:00+00:00,NEM,22589.18,216.128
2026-05-17 20:50:00+00:00,NEM,22801.74,236.468
2026-05-17 20:55:00+00:00,NEM,22907.47,212.046
2026-05-17 21:00:00+00:00,NEM,23056.18,213.872
2026-05-17 21:05:00+00:00,NEM,23285.03,174.04
2026-05-17 21:10:00+00:00,NEM,23551.46,165.106
2026-05-17 21:15:00+00:00,NEM,23923.96,193.89
2026-05-17 21:20:00+00:00,NEM,23938.15,171.454
2026-05-17 21:25:00+00:00,NEM,24200.66,175.798
2026-05-17 21:30:00+00:00,NEM,24274.53,183.786
2026-05-17 21:35:00+00:00,NEM,24330.07,204.488
2026-05-17 21:40:00+00:00,NEM,24331.54,215.986
2026-05-17 21:45:00+00:00,NEM,24439.31,216.828
2026-05-17 21:50:00+00:00,NEM,24396.84,160.126
2026-05-17 21:55:00+00:00,NEM,24517.14,208.622
2026-05-17 22:00:00+00:00,NEM,24588.23,210.362
2026-05-17 22:05:00+00:00,NEM,24558.72,193.064
2026-05-17 22:10:00+00:00,NEM,24604.06,216.288
2026-05-17 22:15:00+00:00,NEM,24666.37,221.688
2026-05-17 22:20:00+00:00,NEM,24631.96,221.76
2026-05-17 22:25:00+00:00,NEM,24545.86,185.21
2026-05-17 22:30:00+00:00,NEM,24579.87,173.928
2026-05-17 22:35:00+00:00,NEM,24458.23,215.962
2026-05-17 22:40:00+00:00,NEM,24426.66,210.022
2026-05-17 22:45:00+00:00,NEM,24329.31,205.83
2026-05-17 22:50:00+00:00,NEM,24260.87,196.59
2026-05-17 22:55:00+00:00,NEM,24394.22,211.374
2026-05-17 23:00:00+00:00,NEM,24378.26,155.882
2026-05-17 23:05:00+00:00,NEM,24236.61,191.538
2026-05-17 23:10:00+00:00,NEM,24357.81,233.802
2026-05-17 23:15:00+00:00,NEM,24147.36,230.314
2026-05-17 23:20:00+00:00,NEM,24146.49,244.132
2026-05-17 23:25:00+00:00,NEM,23961.69,221.852
2026-05-17 23:30:00+00:00,NEM,23824.2,232.076
2026-05-17 23:35:00+00:00,NEM,23893.28,234.96
2026-05-17 23:40:00+00:00,NEM,23930.99,244.394
2026-05-17 23:45:00+00:00,NEM,23915.06,243.266
2026-05-17 23:50:00+00:00,NEM,23813.39,233.72
2026-05-17 23:55:00+00:00,NEM,23835.36,216.518
2026-05-18 00:00:00+00:00,NEM,23805.88,229.508
2026-05-18 00:05:00+00:00,NEM,23658.08,214.336
2026-05-18 00:10:00+00:00,NEM,23853.21,225.846
2026-05-18 00:15:00+00:00,NEM,23878.76,207.556
2026-05-18 00:20:00+00:00,NEM,23871.45,178.118
2026-05-18 00:25:00+00:00,NEM,23995.93,199.77
2026-05-18 00:30:00+00:00,NEM,23939.45,201.514
2026-05-18 00:35:00+00:00,NEM,23894.89,241.586
2026-05-18 00:40:00+00:00,NEM,23774.55,238.386
2026-05-18 00:45:00+00:00,NEM,23705.14,235.986
2026-05-18 00:50:00+00:00,NEM,23436.25,195.624
2026-05-18 00:55:00+00:00,NEM,23624.85,207.002
2026-05-18 01:00:00+00:00,NEM,23709.6,256.476
2026-05-18 01:05:00+00:00,NEM,23645.44,244.548
2026-05-18 01:10:00+00:00,NEM,23886.18,249.476
2026-05-18 01:15:00+00:00,NEM,24028.59,261.074
2026-05-18 01:20:00+00:00,NEM,23987.24,262.09
2026-05-18 01:25:00+00:00,NEM,24100.92,240.506
2026-05-18 01:30:00+00:00,NEM,23984.19,218.774
2026-05-18 01:35:00+00:00,NEM,23903.89,257.162
2026-05-18 01:40:00+00:00,NEM,24143.55,278.196
2026-05-18 01:45:00+00:00,NEM,23985.88,256.788
2026-05-18 01:50:00+00:00,NEM,24006.43,208.944
2026-05-18 01:55:00+00:00,NEM,24183.45,212.38
2026-05-18 02:00:00+00:00,NEM,24065.5,265.326
2026-05-18 02:05:00+00:00,NEM,23944.16,250.684
2026-05-18 02:10:00+00:00,NEM,24032.02,214.768
2026-05-18 02:15:00+00:00,NEM,23979.32,288.062
2026-05-18 02:20:00+00:00,NEM,23738.3,285.156
2026-05-18 02:25:00+00:00,NEM,23519.62,251.16
2026-05-18 02:30:00+00:00,NEM,23629.31,198.69
2026-05-18 02:35:00+00:00,NEM,23879.05,262.316
2026-05-18 02:40:00+00:00,NEM,23679.6,251.008
2026-05-18 02:45:00+00:00,NEM,23459.88,214.928
2026-05-18 02:50:00+00:00,NEM,23666.64,217.646
2026-05-18 02:55:00+00:00,NEM,23745.04,213.4
2026-05-18 03:00:00+00:00,NEM,23751.21,287.75
2026-05-18 03:05:00+00:00,NEM,23434.21,274.658
2026-05-18 03:10:00+00:00,NEM,23310.45,205.556
2026-05-18 03:15:00+00:00,NEM,23522.93,254.032
2026-05-18 03:20:00+00:00,NEM,23544.02,257.524
2026-05-18 03:25:00+00:00,NEM,23459.28,270.7
2026-05-18 03:30:00+00:00,NEM,23374.45,233.16
2026-05-18 03:35:00+00:00,NEM,23512.85,194.486
2026-05-18 03:40:00+00:00,NEM,23647.77,204.164
2026-05-18 03:45:00+00:00,NEM,23587.69,243.47
2026-05-18 03:50:00+00:00,NEM,23353.29,169.264
2026-05-18 03:55:00+00:00,NEM,23477.42,187.506
2026-05-18 04:00:00+00:00,NEM,23706.33,256.688
2026-05-18 04:05:00+00:00,NEM,23473.79,185.226
2026-05-18 04:10:00+00:00,NEM,23527.82,154.282
2026-05-18 04:15:00+00:00,NEM,23535.7,177.402
2026-05-18 04:20:00+00:00,NEM,23638.04,176.256
2026-05-18 04:25:00+00:00,NEM,23613.21,153.31
2026-05-18 04:30:00+00:00,NEM,23633.02,166.368
2026-05-18 04:35:00+00:00,NEM,23499.92,203.144
2026-05-18 04:40:00+00:00,NEM,23504.18,240.382
2026-05-18 04:45:00+00:00,NEM,23368.46,172.668
2026-05-18 04:50:00+00:00,NEM,23642.86,167.052
2026-05-18 04:55:00+00:00,NEM,23668.56,162.348
2026-05-18 05:00:00+00:00,NEM,23654.67,172.096
2026-05-18 05:05:00+00:00,NEM,23694.93,151.872
2026-05-18 05:10:00+00:00,NEM,23909.58,143.246
2026-05-18 05:15:00+00:00,NEM,23966.63,134.294
2026-05-18 05:20:00+00:00,NEM,24095.87,126.708
2026-05-18 05:25:00+00:00,NEM,24176.35,142.246
2026-05-18 05:30:00+00:00,NEM,24293.55,136.106
2026-05-18 05:35:00+00:00,NEM,24278.78,141.614
2026-05-18 05:40:00+00:00,NEM,24505.19,158.726
2026-05-18 05:45:00+00:00,NEM,24632.75,158.81
2026-05-18 05:50:00+00:00,NEM,24678.38,127.388
2026-05-18 05:55:00+00:00,NEM,24941.36,145.712
2026-05-18 06:00:00+00:00,NEM,24988.42,135.978
2026-05-18 06:05:00+00:00,NEM,25047.99,112.586
2026-05-18 06:10:00+00:00,NEM,25281.64,136.992
2026-05-18 06:15:00+00:00,NEM,25354.5,131.568
2026-05-18 06:20:00+00:00,NEM,25451.56,120.822
2026-05-18 06:25:00+00:00,NEM,25759.24,132.838
2026-05-18 06:30:00+00:00,NEM,25884.76,167.428
2026-05-18 06:35:00+00:00,NEM,25857.96,133.548
2026-05-18 06:40:00+00:00,NEM,26117.61,142.652
2026-05-18 06:45:00+00:00,NEM,26160.1,146.952
2026-05-18 06:50:00+00:00,NEM,26419.0,147.204
2026-05-18 06:55:00+00:00,NEM,26437.85,160.592
2026-05-18 07:00:00+00:00,NEM,26679.88,171.724
2026-05-18 07:05:00+00:00,NEM,26860.77,120.158
2026-05-18 07:10:00+00:00,NEM,27031.23,121.972
2026-05-18 07:15:00+00:00,NEM,27193.59,143.782
2026-05-18 07:20:00+00:00,NEM,27306.19,133.388
2026-05-18 07:25:00+00:00,NEM,27510.77,148.058
2026-05-18 07:30:00+00:00,NEM,27738.16,138.332
2026-05-18 07:35:00+00:00,NEM,27828.7,128.482
2026-05-18 07:40:00+00:00,NEM,27873.95,126.028
2026-05-18 07:45:00+00:00,NEM,27980.56,125.416
2026-05-18 07:50:00+00:00,NEM,27990.3,121.372
2026-05-18 07:55:00+00:00,NEM,28058.07,120.2
2026-05-18 08:00:00+00:00,NEM,28142.96,126.71
2026-05-18 08:05:00+00:00,NEM,28048.15,125.328
2026-05-18 08:10:00+00:00,NEM,27851.66,119.182
2026-05-18 08:15:00+00:00,NEM,27839.69,118.72
2026-05-18 08:20:00+00:00,NEM,27857.4,119.55
2026-05-18 08:25:00+00:00,NEM,27868.65,112.596
2026-05-18 08:30:00+00:00,NEM,27667.23,113.776
2026-05-18 08:35:00+00:00,NEM,27704.81,120.804
2026-05-18 08:40:00+00:00,NEM,27607.0,116.152
2026-05-18 08:45:00+00:00,NEM,27422.95,103.504
2026-05-18 08:50:00+00:00,NEM,27360.13,114.582
2026-05-18 08:55:00+00:00,NEM,27191.28,112.446
2026-05-18 09:00:00+00:00,NEM,27108.46,112.7
2026-05-18 09:05:00+00:00,NEM,27094.47,121.704
2026-05-18 09:10:00+00:00,NEM,26970.19,114.536
2026-05-18 09:15:00+00:00,NEM,26845.11,113.24
2026-05-18 09:20:00+00:00,NEM,26700.35,111.896
2026-05-18 09:25:00+00:00,NEM,26585.09,108.984
2026-05-18 09:30:00+00:00,NEM,26449.38,112.042
2026-05-18 09:35:00+00:00,NEM,26381.59,114.268
2026-05-18 09:40:00+00:00,NEM,26201.45,110.796
2026-05-18 09:45:00+00:00,NEM,26223.68,111.918
2026-05-18 09:50:00+00:00,NEM,26033.16,112.848
2026-05-18 09:55:00+00:00,NEM,25858.46,110.182
2026-05-18 10:00:00+00:00,NEM,25850.35,108.408
2026-05-18 10:05:00+00:00,NEM,25793.83,108.248
2026-05-18 10:10:00+00:00,NEM,25668.08,106.046
2026-05-18 10:15:00+00:00,NEM,25627.07,107.416
2026-05-18 10:20:00+00:00,NEM,25354.54,105.424
2026-05-18 10:25:00+00:00,NEM,25258.5,103.77
2026-05-18 10:30:00+00:00,NEM,25275.56,106.228
2026-05-18 10:35:00+00:00,NEM,25110.08,106.8
2026-05-18 10:40:00+00:00,NEM,25216.79,107.134
2026-05-18 10:45:00+00:00,NEM,25126.91,111.776
2026-05-18 10:50:00+00:00,NEM,24979.33,109.868
2026-05-18 10:55:00+00:00,NEM,24963.57,107.69
2026-05-18 11:00:00+00:00,NEM,24940.57,106.978
2026-05-18 11:05:00+00:00,NEM,24707.41,108.776
2026-05-18 11:10:00+00:00,NEM,24662.44,108.466
2026-05-18 11:15:00+00:00,NEM,24635.95,114.616
2026-05-18 11:20:00+00:00,NEM,24421.95,111.462
2026-05-18 11:25:00+00:00,NEM,24444.59,109.426
2026-05-18 11:30:00+00:00,NEM,24289.43,103.644
2026-05-18 11:35:00+00:00,NEM,24181.42,111.634
2026-05-18 11:40:00+00:00,NEM,24047.43,108.17
2026-05-18 11:45:00+00:00,NEM,23946.57,112.516
2026-05-18 11:50:00+00:00,NEM,23746.22,109.244
2026-05-18 11:55:00+00:00,NEM,23662.37,107.86
2026-05-18 12:00:00+00:00,NEM,23592.51,105.78
2026-05-18 12:05:00+00:00,NEM,23195.29,98.906
2026-05-18 12:10:00+00:00,NEM,23365.04,117.498
2026-05-18 12:15:00+00:00,NEM,23340.43,111.592
2026-05-18 12:20:00+00:00,NEM,23264.47,109.148
2026-05-18 12:25:00+00:00,NEM,23103.23,105.888
2026-05-18 12:30:00+00:00,NEM,22976.28,105.034
2026-05-18 12:35:00+00:00,NEM,22833.41,109.806
2026-05-18 12:40:00+00:00,NEM,22695.2,104.366
2026-05-18 12:45:00+00:00,NEM,22569.89,104.192
2026-05-18 12:50:00+00:00,NEM,22392.0,98.63
2026-05-18 12:55:00+00:00,NEM,22299.13,97.958
2026-05-18 13:00:00+00:00,NEM,22221.25,97.614
2026-05-18 13:05:00+00:00,NEM,22067.96,97.658
2026-05-18 13:10:00+00:00,NEM,22109.46,99.496
2026-05-18 13:15:00+00:00,NEM,22148.62,112.134
2026-05-18 13:20:00+00:00,NEM,21999.97,101.3
2026-05-18 13:25:00+00:00,NEM,21789.79,97.832
2026-05-18 13:30:00+00:00,NEM,21850.34,106.782
2026-05-18 13:35:00+00:00,NEM,21753.44,101.674
2026-05-18 13:40:00+00:00,NEM,21735.49,98.202
2026-05-18 13:45:00+00:00,NEM,21721.24,107.684
2026-05-18 13:50:00+00:00,NEM,21481.58,99.094
2026-05-18 13:55:00+00:00,NEM,21382.07,98.308
